0,Huamampallpa,-72.53126621,-13.99202976
1,Campo Verde,-73.68263125,-11.23852662
2,Manantial,-73.73216629,-11.05266063
3,Sumac Wassi,-75.69002867,-14.0320047
4,Ana Jara Velasquez,-75.76846719,-13.96906928
5,Selva Verde,-71.41628373,-12.93040825
6,Angel de la Luz,-80.25141478,-3.694722345
7,Casa Huerta,-76.6739434,-11.91991169
8,Bella Vista,-77.32246399,-6.472756346
9,Alto Milagro,-79.67296422,-5.016080824
10,San Lorenzo,-79.7604847,-5.944753271
11,Andahuaylas,-77.55023718,-9.408038645
12,Sector La Union,-76.81976438,-6.418134607
13,Asociaci??n de Vivienda Paraiso II,-73.7434262,-12.69343577
14,Nuevo Gramalotal,-78.51179147,-5.39164889
15,Huayanay,-79.61153577,-5.39955389
16,Nuevo Zona More,-80.61220295,-5.39985122
17,El Horcon La Piria,-78.92403222,-5.40194122
18,Sauce,-78.53878102,-5.39925039
19,Santa Rosa,-78.46589244,-6.504987316
20,Shirapampa,-77.40148167,-9.012625
21,Villa Rica,-77.80862333,-6.643025
22,Surapunco,-74.14069602,-14.44505879
23,Huruhuacca,-72.89834564,-14.44481253
24,Chancarani,-71.28177777,-14.44475305
25,Ampotaje,-72.78133927,-14.4447209
26,Calachaca,-69.38952167,-14.45689167
27,Ccilccata,-74.4288554,-14.44462241
28,Huayjohuasi,-72.75318151,-14.44459604
29,Japu Japu,-70.21875602,-14.44459091
30,Palca,-73.09942514,-14.44444091
31,Trajin,-74.7033599,-14.44436192
32,Sayhuayoc,-72.07470702,-14.44433978
33,Anansaya,-70.05235931,-14.44069383
34,Nuevo San Jose,-78.4003594,-5.44237689
35,Tomaque,-78.64635281,-5.43560753
36,Hacienda Santa Filomena,-80.72553016,-5.44127264
37,San Pablo,-80.94187477,-5.44087477
38,Fundo Rio Frio,-80.76834353,-5.4404939
39,El Paraiso,-78.96184693,-5.43546625
40,Mirador,-78.46228563,-5.43697005
41,Loma Blanca,-80.58287502,-5.43710352
42,Pindal,-78.64636066,-5.43658515
43,Cruce La Coypa,-78.8220689,-5.43645777
44,Las Cuevas,-79.01100932,-5.38837695
45,La Union,-79.08415561,-5.48154016
46,San Jose,-80.7376639,-5.39974927
47,Higuerones,-78.76590496,-5.38701935
48,La Vega El Puente,-79.00451552,-5.39738214
49,Los Huayos,-79.01406241,-5.39728178
50,Hacienda San Juan de Chato,-80.69966628,-5.39660502
51,San Francisco,-78.41671973,-5.38806852
52,Union Las Vueltas,-79.00544011,-5.39678049
53,Athahualpa,-75.87258802,-5.39902989
54,Nuevo Jerusalen (La Perla),-78.43130833,-5.394426667
55,Cochapampa,-78.5462034,-5.39839877
56,La Laguna Alta,-78.98878515,-5.40749802
57,Primavera,-78.50166415,-5.4176341
58,Pampa Hermosa,-78.53556515,-5.40722727
59,Hawai,-78.81359937,-5.40690698
60,Flor de Punga,-74.15783618,-5.40483938
61,La Manga,-78.89106468,-5.3972791
62,La Libertad,-78.96029302,-5.39477159
63,Pacaypite,-79.02747773,-5.42256291
64,Villa Flor,-79.61267703,-5.40760727
65,Ilauro,-76.58593303,-9.90929989
66,Mojon,-76.7759364,-9.90921003
67,Witsu,-77.290648,-9.908468
68,Cashapampa Chico,-76.6643554,-9.90909552
69,Matacuncush,-76.54669128,-9.90906827
70,Chogopata,-76.7487359,-9.9090254
71,Pachamu??a,-76.04091627,-9.90879565
72,San Antonio de Colpa,-76.53895585,-9.90876714
73,Timoc / Tincoc,-77.61762578,-9.90875265
74,Cangra,-76.02618539,-9.90731937
75,Puente Grande,-75.99959333,-9.894546667
76,Huacahuin Chico,-76.86603953,-9.90842165
77,Justuhuanca,-76.62395703,-9.90834252
78,Corpara,-77.65897214,-9.90832565
79,Fundo Maria,-77.65640127,-9.90114652
80,San Luis Enoc Flor de un Dia,-75.21075043,-9.90109912
81,Ushcumachay,-76.53649615,-9.90093078
82,Ogobamba,-76.5628004,-9.87436803
83,Shumacpampa,-76.91725915,-9.88131253
84,Puca Puca,-76.5911942,-9.87827405
85,Raran Pampa,-76.24715656,-9.897886541
86,Cumaria,-73.94600644,-9.87760887
87,Copac,-77.68791999,-9.852549978
88,Huayaopuco,-76.13378477,-9.85248515
89,Huachanga,-76.85435352,-9.85238803
90,Cashacuta,-76.69974365,-9.60537453
91,Maynas,-76.6465987,-9.60527813
92,Huarupampa (Jauna Huarupampa),-77.48426923,-9.617673962
93,Ushpajanca,-77.02457815,-9.6046869
94,Tayaragra,-76.83136833,-9.612436667
95,Nuevo Nazaret,-74.89073724,-9.605006693
96,Casacancha,-76.67867465,-9.60460766
97,Jacagaranan,-76.66983777,-9.6043934
98,Cusharapa,-77.52349816,-9.6043769
99,Hacienda Huacrache,-77.56411676,-9.60432865
100,Tingo,-76.43640933,-9.579096333
101,Puentecillos,-78.61253926,-5.40585048
102,Poleo Roble Pampa,-78.55513904,-5.40751002
103,Jose Carlos Mariategui,-80.74602866,-5.40632002
104,La Victoria,-80.66203533,-5.32333607
105,Shaquitambo,-79.25583877,-5.32207782
106,Montepampa,-76.15897552,-9.91889028
107,Carricillo,-78.18730277,-9.91886877
108,Puerto Mayro,-75.26094892,-9.9187369
109,Shairicancha,-76.17978442,-9.9185481
110,Algarumi,-76.6575394,-9.91842553
111,Mesa Pampa,-77.55025353,-9.91821265
112,Huayacoto,-76.32561167,-9.922815
113,Katscal,-77.83435453,-9.91769578
114,Huagyana,-76.61751952,-9.90286715
115,Florencia,-73.98591039,-9.90284541
116,La Esperanza,-76.21965865,-9.89590458
117,Parashpata,-76.74489414,-9.8958204
118,Hierbabuena,-76.62399838,-9.89579015
119,Cormilla,-75.80365065,-9.89552865
120,Tipsa,-75.94169188,-9.89552484
121,Chiclapata,-76.49984139,-9.89518165
122,Ushuo Jircan,-76.49371302,-9.89514128
123,Minas Pampa,-76.507265,-9.902831666
124,Atoghuin,-76.55564689,-9.8950204
125,Huancan,-76.35966715,-9.89493303
126,Cucho,-76.02059296,-9.89480262
127,Pariatuna,-77.64775065,-9.89466515
128,San Agustin de Chuntarragra,-76.56763305,-9.87850121
129,Cullcuy,-76.19008364,-9.8784296
130,Shiqui Chico,-76.839663,-9.87832357
131,Yanarumi,-76.51882039,-9.87772027
132,Chachaspata,-76.05694627,-9.87756878
133,Magapata,-76.78542802,-9.87739303
134,Alto Morona,-74.98567952,-9.88683006
135,San Juan de Tingo,-76.48164167,-9.842393333
136,Millo Millo,-76.36909653,-9.8866979
137,Mamayhuachin,-76.35048165,-9.8866649
138,Creston,-77.77067451,-9.88661915
139,Casa Blanca,-76.01844,-9.879813333
140,Canachuco,-76.6183144,-9.88635366
141,San Cristobal de Jacas Chico,-76.50317305,-9.88625092
142,Queracocha,-76.27367302,-9.88623939
143,Tipsa Alta,-75.93383757,-9.9175206
144,Altos Machay,-76.73729102,-9.91741016
145,Pariagaga,-76.61752228,-9.91731202
146,Huayropampa,-75.88140438,-9.91721965
147,Pampas,-76.6665664,-9.91719353
148,Runto,-76.8927934,-9.91703002
149,Jircancancha,-77.35534365,-9.9170274
150,Sogue Pata,-77.52712039,-9.91681128
151,Huanca Huanca,-76.8290769,-9.91672865
152,Buena Vista,-77.11611815,-9.91655952
153,Rumichaca,-76.6578254,-9.91607403
154,Mesapata,-76.35725703,-9.9158909
155,Callhuayna,-75.94285793,-9.91581329
156,Tucsopom,-76.60816615,-9.91575415
157,Tuto,-75.8874234,-9.91561402
158,Izco Pata,-77.53394489,-9.91544178
159,Parasha Pampa,-76.64132953,-9.91541453
160,Moya,-76.98063376,-9.91541139
161,Rima Rima,-76.76477765,-9.91531665
162,Picahuay,-76.05603461,-9.91502856
163,Lucmapata,-76.37142452,-9.9150229
164,Villa Ramon Castilla,-76.628725,-9.912016667
165,Seccha,-76.80748639,-9.91464395
166,Pilco,-77.64686954,-9.91156335
167,Huayopampa,-76.23371405,-9.91062897
168,Lachumachay,-76.79532602,-9.91061103
169,Ucrucancha,-76.94786989,-9.91060815
170,Miraflores,-74.65290877,-9.91057616
171,Ushumayo,-76.02764321,-9.910454
172,Molino,-76.01643782,-9.9102141
173,Choras,-76.60585288,-9.91001797
174,Allgahuanca,-76.19123844,-9.9098971
175,Puerto Libre,-74.93253054,-9.9105969
176,Ushno Huain,-77.10832802,-9.9095934
177,Colicocha,-75.99693325,-9.90957988
178,Shupla,-76.77084415,-9.90950178
179,Jeshgue,-76.65006978,-9.56356402
180,Rumicucho,-77.53795715,-9.56344902
181,Inchic,-76.36056,-9.494481667
182,Puy Huan,-76.34265167,-9.48473
183,Purush,-77.46238121,-9.56330962
184,Chombor,-77.8143099,-9.56329903
185,San Antonio,-77.56542974,-9.572616794
186,Shaglaya,-76.833755,-9.559146667
187,Shogla,-76.88345916,-9.56292603
188,Los Andes,-76.55285167,-9.873611667
189,San Andres,-76.21371548,-9.88897316
190,Pucaragra,-76.18130303,-9.89033541
191,Ticapampa,-75.96859725,-9.89033525
192,Rashu,-76.04081127,-9.89027891
193,Cachucachujircan,-76.62271777,-9.8901419
194,Illaruri,-76.538415,-9.902118333
195,Mitotambo,-76.42703708,-9.88998767
196,Oyos,-78.12780328,-9.88997978
197,Ramos Pampa / Ramos Curva,-76.06424527,-9.88980602
198,Quitchki,-76.48117,-9.89307
199,Jircacocha,-76.28252,-9.889848333
200,Chamana Ucro,-76.14242076,-9.88954715
201,Mantacocha,-76.00797284,-9.88954404
202,Huaynacancha,-76.70483727,-9.88949827
203,Puyac,-76.61329781,-9.88940352
204,Ayajaman,-76.61160503,-9.88930565
205,Millpo,-77.22617528,-9.88924515
206,Lucma,-77.70776878,-9.8891199
207,Flor de Un Dia,-75.14736391,-9.90107953
208,Yurac Yacu,-76.56339141,-9.90087477
209,Chacabamba,-76.61100208,-9.90085169
210,Parashapampa,-76.76552227,-9.90083665
211,Chipajilcan,-76.61098301,-9.90080965
212,Pucayacu,-76.5069525,-9.90063017
213,Gaga Esquina,-76.64038328,-9.90059191
214,El Regadero,-75.20460715,-9.9005604
215,Paccha,-77.64146167,-9.903078333
216,Yarina,-74.96274982,-9.89954596
217,Puca Puca,-76.75138301,-9.90017728
218,Colpa,-76.74293,-9.898531667
219,Punapampa,-76.70086001,-9.89977177
220,Jayunogo,-76.49113278,-9.86460564
221,Huansala,-77.008741,-9.87258306
222,Rumi Chacca,-76.51536451,-9.8644929
223,Challhuayog,-75.96546459,-9.86441314
224,Layavado,-76.8952274,-9.86436241
225,Shiusha,-76.53779265,-9.87780714
226,Avanza,-76.79219928,-9.7749844
227,Huarurruri,-77.5983064,-9.77492415
228,Kanyasyami,-77.60940503,-9.77488478
229,Cangrash Huay,-76.61774833,-9.880358333
230,Jatun Ogo,-76.50423203,-9.8734344
231,Playa Grande,-75.53391033,-9.869917317
232,Runtuvado,-76.83589427,-9.8812874
233,Mirachi,-76.14908408,-9.88127944
234,Huariaco,-76.58042667,-9.821375
235,San Martin,-76.61633404,-9.8811777
236,Rambrash Ragran,-76.62037,-9.883491667
237,San Damian,-77.7707875,-9.88387181
238,Cashacancha,-77.44507853,-9.88077353
239,Colpa Baja,-76.2136434,-9.88058087
240,Cashajanan,-77.70186764,-9.88018241
241,Huishgas Corral,-76.74099065,-9.88013528
242,Huichanan,-76.65858752,-9.8820894
243,Ututorajra,-76.90782053,-9.8816824
244,Maryaragraj,-76.1829179,-9.88164102
245,Huarapasca,-77.18049478,-9.88150303
246,Tuna Cancha,-77.07067167,-9.89818
247,San Jorge de Pachitea,-74.9346594,-9.8814144
248,Hilancancha,-76.68895166,-9.7917869
249,Yanac,-77.40541627,-9.79175602
250,Pasuy,-76.00528589,-9.79174215
251,Mitucancha,-77.70530565,-9.79173478
252,Guenuay Punta,-76.73922833,-9.790138333
253,Sirabamba,-76.31251897,-9.79121751
254,Buena Vista,-76.71654703,-9.79117202
255,Pachanpuquio,-76.89709333,-9.797703333
256,Moncerrate,-77.61373143,-9.78974314
257,San Pedro de Wilcahuasi,-76.52838833,-9.801395
258,Osapata,-75.87982777,-9.7909649
259,Marca Punco,-77.43895,-9.7979
260,Llamallushcay,-76.79435263,-9.5855539
261,Jaturpac,-76.84430478,-9.58550928
262,Cuto,-74.94440228,-9.5854379
263,Manca Peque,-76.9557669,-9.5854189
264,Quechupata,-76.43769467,-9.586867
265,Ichic Ahuac,-76.78475489,-9.58535827
266,Paparagra,-76.60948891,-9.60776602
267,Guenayhuilca,-76.68054918,-9.6075252
268,Mina Bien Venida,-77.80618527,-9.60752341
269,Ogoragran,-76.70912999,-9.605849978
270,Pallayoc,-77.70840201,-9.88236603
271,Cashac,-76.7333394,-9.9076779
272,Minauchco,-75.89637265,-9.90730065
273,San Juan de Lucma Ragra,-76.54694167,-9.908675
274,Chacmapampa,-76.2851024,-9.90636652
275,Cachina,-76.75012027,-9.90634065
276,Shiricuchu,-76.64004364,-9.90617841
277,Mollepata,-76.37312333,-9.915038333
278,Gallo Cantanan,-77.5256759,-9.90613915
279,Hacienda Jancao,-76.22330907,-9.90275834
280,Chupan Chico,-76.55704816,-9.9059604
281,Tauripuquio,-76.60091901,-9.90588827
282,Chinchoragra,-76.35142402,-9.9058169
283,Hacienda Yurac Rumi,-76.88275802,-9.90572002
284,Unidad Yanesha,-75.07223917,-9.91484194
285,Paria Grande,-76.73003689,-9.90539853
286,Keroucru,-77.59008667,-9.899161667
287,Yanan Pampa Llampas,-76.86588667,-9.927298333
288,Avion Pampa,-76.53317333,-9.90403
289,Arteza,-76.98663777,-9.87471827
290,Huayan,-77.70810145,-9.87509522
291,Tuyo Paccha,-76.50805277,-9.87451478
292,Torno Vado,-76.9606319,-9.8744099
293,Sacrapampa,-76.68544864,-9.8813479
294,Machac Punco,-76.67361,-9.60645
295,Huasta,-77.54065765,-9.6073969
296,Quinta,-76.68707289,-9.60735316
297,Tambillo,-77.7628589,-9.6072544
298,Gochaucro,-76.8461189,-9.60724341
299,Parparac,-77.73131628,-9.6072324
300,Tantacoto,-76.5035354,-9.60712753
301,Marias,-76.7065324,-9.60712401
302,Nuevo Progreso,-75.06859796,-9.86993523
303,Shoclla,-77.36620752,-9.86993528
304,Taullivado,-76.96438239,-9.8699284
305,Puerto Victoria,-74.93368845,-9.87542669
306,Guergoto / Guerguito,-76.3749659,-9.89144953
307,Cakap / Cagap,-77.6886884,-9.89113715
308,Siqui Grande,-76.83608703,-9.8910774
309,Ranya / Rauya,-77.66139615,-9.89100403
310,Pucara,-76.68794078,-9.89076091
311,Loco Huachanan,-76.67526689,-9.89073515
312,Quera/Alto Quera,-76.27821454,-9.86435204
313,Hualuragra,-76.65046102,-9.8643399
314,Angas,-76.69520283,-9.86427024
315,Umajirurin,-76.91634577,-9.86406328
316,Tambillo,-76.04451854,-9.86380497
317,Nuevo Peru Obchis,-74.94931457,-9.83397708
318,Beatuyoc,-76.92294028,-9.86337015
319,Puente Vera,-76.4737734,-9.87730127
320,Santo Domingo,-77.77336177,-9.87723553
321,Poquian,-77.65115828,-9.87711478
322,Hueguetog,-76.80174565,-9.8770614
323,Punchao Chico,-76.41503247,-9.89792122
324,Mesapata,-76.54975167,-9.901736667
325,Curanjo,-70.88746138,-9.89766866
326,Panao,-75.99429652,-9.89747595
327,San Jose de Yarowilca,-76.56011786,-9.89740021
328,Agosejircan,-76.61462477,-9.89736665
329,Huanin,-76.04104151,-9.89720512
330,8 Cruz Pata,-76.64344578,-9.89712128
331,Quillapampa,-76.64959833,-9.913318333
332,Huayopampa,-75.99660914,-9.89685753
333,Puca Puca / Garu,-76.60076008,-9.89683298
334,Nazaret,-74.16629102,-9.8966699
335,Pampa Cocha,-76.26192379,-9.899217161
336,Pucapiteg,-76.7031699,-9.89653227
337,Chaynas,-76.62467191,-9.89615859
338,Pulpulyag,-76.7813523,-9.89596506
339,Fundo El Arenal,-76.22673177,-9.89595041
340,Las Golondrinas,-75.17927633,-9.89475903
341,Callancas,-76.470295,-9.887115
342,Mito,-76.4308234,-9.89458302
343,San Cristobal,-76.61433164,-9.89452765
344,Canchapitec,-76.54100339,-9.89425202
345,Garbanzo Cancha,-77.3517774,-9.88220328
346,Pucacocha,-76.84683265,-9.88218103
347,El Molino,-78.11425787,-9.88159711
348,Yantarajra / Yantaragra,-76.78341102,-9.88211328
349,Huacoto,-76.91342127,-9.87619752
350,Aceitio,-76.26493365,-9.87616402
351,Huachua / Chacuantano,-76.97191627,-9.77550815
352,Escorzonera,-76.89873,-9.781031667
353,Santo Campo,-77.60431815,-9.77522403
354,San Juan de Miraflores,-76.65386667,-9.77491
355,Marayoc,-77.1156399,-9.56287415
356,San Jose de Tashga,-76.58125914,-9.89423096
357,Comuhuanca,-77.68423716,-9.89411715
358,Gogan Ucho,-76.51021289,-9.89406753
359,Mercedes,-76.9758374,-9.89390453
360,San Cristobal,-75.01955667,-9.857953333
361,Yuracyacu,-76.32779515,-9.89383528
362,Mina Santon,-77.21945264,-9.89377628
363,Pucapampa,-76.70304977,-9.89367115
364,Huanshu,-76.26850347,-9.896338976
365,Chaupijirca,-76.7637554,-9.89324915
366,Chuchos,-76.43637678,-9.89310128
367,Condorhuayin,-76.72966953,-9.89309189
368,Agopampa,-76.93046003,-9.89308728
369,Huancacha,-76.75258616,-9.89302915
370,Putaca A,-76.89823916,-9.89291378
371,Purupampa,-75.98445473,-9.89286929
372,Gorimina,-76.69645116,-9.89285077
373,Ceresayoc,-76.18156501,-9.89272115
374,Marcocancha,-76.57782078,-9.8925834
375,Jatunrumi,-76.59388903,-9.89244177
376,Anascancha,-77.31265064,-9.8923034
377,Quelquey,-77.32046027,-9.89220403
378,Jatun Ragra,-76.54468833,-9.889343333
379,Incachaca,-76.03640914,-9.89192765
380,Unamaran,-76.24555364,-9.898180169
381,Marpo,-76.63314765,-9.89191328
382,Shuclash,-76.50112515,-9.89188552
383,Monte Azul,-76.45128003,-9.89182777
384,Rucrup,-77.69221577,-9.89176328
385,Ogocatac,-76.61490665,-9.89155016
386,Ogopampa,-76.61679427,-9.89154678
387,Quilcayhuarin,-76.55822706,-9.89147869
388,Sogocucho,-76.81294077,-9.89147727
389,Champash,-77.69146303,-9.88871566
390,Chinchamayo,-75.98394903,-9.88856315
391,Huachag Grande,-76.8129929,-9.88847253
392,Chiparajra,-76.5441804,-9.8884309
393,Mitocucho,-76.43238812,-9.88834279
394,Lacsha,-77.11762999,-9.894939978
395,Cashamachay,-76.73523453,-9.88813427
396,San Lucas de Mesapampa,-76.58795971,-9.8876869
397,Alto Huipus,-75.36194371,-9.89269732
398,Minaragra,-76.741805,-9.977143333
399,Tingo,-76.4910344,-9.88713815
400,Huaychao Corral,-76.5098,-9.904238333
401,Chunapampa,-76.22374577,-9.8870149
402,Rachacoco,-77.40083151,-9.90826153
403,Cashacorona,-76.1771694,-9.9081929
404,?�aupa Marca,-76.41027833,-9.911876667
405,Cashapampa,-76.66508613,-9.90781721
406,Simon Pampa,-76.80510115,-9.90781378
407,Chinchan,-76.33608638,-9.86678903
408,Tinco,-76.69039315,-9.8667159
409,Rinconada,-75.61347652,-9.86666015
410,Mama Machay,-76.64889114,-9.86646365
411,Llama Rumi,-76.52511727,-9.86638728
412,Taulle,-76.44674752,-9.86638365
413,Verbenapampa,-76.08530526,-9.86609973
414,Puerta Golpe,-78.0879214,-9.8660239
415,Gredapata,-76.74742865,-9.87989153
416,Isoc,-77.71595065,-9.87961703
417,Senquer,-77.71157453,-9.8795359
418,Millpu,-76.84387602,-9.8794279
419,Cuchus,-77.31852352,-9.87941666
420,Huinritiro,-76.9184619,-9.87923915
421,Mishqui Ragran,-76.62306333,-9.883015
422,Mina Gumercinda,-77.22113627,-9.87900591
423,San Juan de Miraflores,-76.63046445,-9.90517261
424,Huariaco,-76.47259703,-9.90514677
425,Huacahuain Grande,-76.86848028,-9.90485015
426,Huacho,-76.67746214,-9.90480015
427,San Gregorio,-73.05674752,-9.9047519
428,Huancapallac,-76.39209314,-9.90475157
429,Santa Teresa,-75.38463652,-10.01654793
430,Cuchimachay,-76.52851278,-9.90467427
431,Huayup,-77.81894913,-9.90706008
432,Cuyogpampa,-76.76794953,-9.90444728
433,Mariapata,-76.39314427,-9.90436702
434,Juytucancha,-76.6049684,-9.9043214
435,Huasparon,-77.74602878,-9.90418203
436,Chincho Alto / Chincho Palca,-76.46777102,-9.90412815
437,Angel Monte,-78.15148164,-9.90408866
438,Jatunhogo,-76.75486177,-9.9039654
439,San Pedro de Longui,-75.13286833,-9.855376667
440,Pillcocancha,-76.59842518,-9.87670368
441,Cuncayoc,-76.5936484,-9.8763379
442,Santo Toribio La Punta,-76.03016873,-9.87621577
443,Jircahuain,-76.73888014,-9.89859365
444,Bellavista,-76.26163002,-9.8985674
445,Chuna,-76.15384553,-9.89848865
446,Marpopampa,-76.62435833,-9.89522
447,Capiash,-77.10721,-9.90827
448,Pucara,-76.65693164,-9.89803077
449,Huaman,-75.95973158,-9.87620407
450,Piliaco,-76.75726676,-9.88907215
451,Chogorangran,-76.61510365,-9.88903727
452,Tambo,-77.79894453,-9.79209228
453,Tinyayoc,-76.79470665,-9.79194915
454,Inapucro / Loyaccanchi,-77.5143679,-9.60691715
455,Taurijirca,-76.68059615,-9.60690478
456,Rumichaca,-76.61756816,-9.6067319
457,Linda,-76.72101328,-9.60650665
458,San Pedro,-77.50822499,-9.60647173
459,Hidrogpampa,-75.87703467,-9.60728794
460,Tauranca,-77.43576627,-9.60630553
461,Mata Rumi,-77.7671334,-9.60622465
462,Anjamache,-77.88272365,-9.60592078
463,Illkeda,-77.74662516,-9.60586678
464,Pincuran,-76.77455415,-9.60572402
465,Papahuain / Papahuayi,-76.65920002,-9.60567728
466,Tallaragra,-76.78964478,-9.60559165
467,Corahain,-77.70372128,-9.88896677
468,Huaylash,-76.63192828,-9.88892477
469,Andahuaylas,-76.63191803,-9.88886915
470,Huiscashtuna,-76.74314615,-9.8887574
471,Yanapamoa,-76.84565826,-9.90277165
472,Guytoc,-76.80040389,-9.90259841
473,Cashapampa Grande,-76.6694389,-9.90251515
474,Pedrosa,-76.21119541,-9.89964142
475,Supaypa,-76.70479953,-9.90239528
476,Jesus Nazareno de Independencia,-76.56326167,-9.898638333
477,Aschal,-76.37347403,-9.90222303
478,Rosa Pampa,-76.01114602,-9.90193553
479,Gahuish,-76.55640678,-9.90175565
480,Congoncillo,-78.14685052,-9.9017544
481,Llicopampa,-76.64207157,-9.90159093
482,Ashash,-76.39604667,-9.896908333
483,Plazapampa,-76.15201777,-9.9012134
484,Ovas,-76.21232202,-9.8632249
485,Tallaspina / Guellaspina,-76.63986965,-9.8632089
486,Callo Rumi,-76.53014866,-9.8630439
487,Quenuarajra,-76.6821704,-9.86300065
488,Huanchag,-75.94453028,-9.86296037
489,Santa Maria del Valle,-76.16995393,-9.86271221
490,Chaupi Cruz,-76.58917589,-9.86265678
491,Illa Tingo,-75.91907632,-9.862793755
492,Quillcay,-76.31636115,-9.86247628
493,Shogush / Shogosh,-76.47932065,-9.86247365
494,San Marcos,-76.07616054,-9.86245663
495,Saporumi,-76.58535614,-9.86231802
496,Quisha,-76.54108526,-9.86210727
497,Mashra,-77.38791452,-9.86209702
498,Goyar Punta,-76.00321962,-9.8618947
499,Hachasjoto,-76.0860314,-9.86186953
500,Chogopampa,-76.52279667,-9.86618
501,Alpahuanca / Santa Fe de Alpahuanca,-76.5836934,-9.87548465
502,San Cristobal de Naunan,-75.91126683,-9.876244633
503,Higos,-77.76656289,-9.8750674
504,Shullana,-76.95698802,-9.87499502
505,Yanatininan,-76.59857667,-9.85063
506,Yurac Corral,-77.60091053,-9.87487877
507,Huarianga,-76.58538,-9.883923333
508,Margarita Pampa,-77.30063577,-9.87433828
509,Asiac,-77.5937,-9.878105
510,Huanuco Viejo,-76.81204027,-9.8741479
511,Huanuco Pampa,-76.80703667,-9.882896666
512,Raco,-76.00253345,-9.87412514
513,Huachog,-76.19856454,-9.87390346
514,Tambormachay,-76.68565864,-9.87387091
515,Panteon Alto,-77.77003116,-9.87385727
516,Chuquimarca,-76.54769477,-9.87358628
517,Ambar,-75.98715151,-9.87355165
518,Pichca Ragra,-77.11922077,-9.88471864
519,Yanapa,-75.9251479,-9.8847099
520,Milpo,-76.70118516,-9.88464987
521,Carancho,-75.98787518,-9.88444442
522,La Esperanza,-76.74809815,-9.8844264
523,Yuracrumi,-76.71582464,-9.88441503
524,Algayhuachan,-76.49333052,-9.86165878
525,Inca Pozo,-76.01828403,-9.86165564
526,Pacaypuco,-76.1405329,-9.86146727
527,Mina Santa Anita,-77.05276228,-9.86145265
528,Hacienda Charan,-76.8682579,-9.86131078
529,Huaycho / Huaychao,-76.11675865,-9.86128864
530,Cochas,-76.64498339,-9.87889377
531,Putaca,-76.90242728,-9.87611127
532,Cajon Ragra,-77.08551928,-9.8758949
533,Mesapata,-76.8546239,-9.87583627
534,Coto,-77.69955327,-9.87582165
535,Chuspic,-77.01875653,-9.87572228
536,Consuelo,-75.44714727,-9.87564553
537,Ancatanan,-76.58795416,-9.80783952
538,Cochatama,-76.04969901,-9.8078069
539,Verde Pozo,-75.92167639,-9.80753597
540,Jatun Ogo,-76.62799227,-9.80742702
541,Cushuro,-76.86884315,-9.80728102
542,Quishuar / Quisuar Pampa,-76.80103567,-9.80705703
543,Shunqui,-77.68629201,-9.80686502
544,Mullaca Ragra,-76.70760999,-9.810139978
545,Matahuachag,-76.58900333,-9.825755
546,Jatun Ogo,-76.68944103,-9.60544391
547,Chihuar,-77.50854765,-9.6054034
548,San Cristobal,-76.70140167,-9.60561
549,Granada,-77.7437754,-9.85899678
550,Shirihuasi,-76.55721214,-9.79074828
551,Huallijirca,-76.25788727,-9.79072153
552,San Isidro,-77.67297349,-9.791744
553,Pilco,-77.40133491,-9.86120177
554,Huani Huari,-76.22819483,-9.86105561
555,Yacujitana,-76.59281952,-9.8608749
556,Flor de Rosapampa,-76.21445503,-9.86085939
557,Agua Blanca,-75.41772394,-9.864437615
558,Tranca,-76.84846815,-9.8606834
559,Fundo Amaru,-76.2728639,-9.89971027
560,Gallo Rumi,-76.4981074,-9.89954491
561,Ayatamana,-76.22908664,-9.89943415
562,Jigaragra,-76.30969177,-9.89935228
563,Urpay,-76.35818502,-9.89934491
564,Huallanca,-76.9416436,-9.89931604
565,Rosas Pampa,-75.99927289,-9.8992724
566,Maraytaca,-76.68540702,-9.89914853
567,Pampas,-76.47389105,-9.89911223
568,Huanchu,-76.68042977,-9.89904315
569,Cocha Pitec,-76.70647315,-9.8989269
570,Conac,-76.55131027,-9.8987729
571,Cuyog,-76.76717927,-9.89871215
572,Limapampa,-76.38054103,-9.8986931
573,Matucana,-76.14604715,-9.8986374
574,Atacushma,-76.51049564,-9.89797828
575,Molino,-76.42596165,-9.89793227
576,Luciapata,-76.32296777,-9.88617027
577,Choquevado,-76.58793077,-9.88612503
578,San Pedro de Cani,-76.38627681,-9.88604125
579,Llicllatambo,-76.57644565,-9.88601324
580,Pampamarca,-76.51315677,-9.88596053
581,Shullipampa,-76.61513089,-9.88593852
582,Huinish,-76.28706833,-9.888921667
583,Muyucro,-76.64432003,-9.88540116
584,Acojirca,-77.69982839,-9.88535778
585,Condorhuaca,-75.93734124,-9.88515598
586,Cancal,-76.63764665,-9.85652703
587,Cachigaga,-76.03659027,-9.85651525
588,Cushcup,-77.72596765,-9.85651377
589,Cahuac,-76.63067298,-9.85273011
590,Chumapampa,-76.15551665,-9.85272866
591,Siete Hermanos,-74.7791715,-9.8529976
592,San Luis,-77.12170878,-9.5628549
593,Puquio Grande,-78.2005589,-9.56277378
594,Incahuasi Bajo,-77.49459809,-9.56113939
595,Castilla,-76.69611328,-9.8725709
596,Jircanhuay,-77.0080644,-9.87235802
597,Cunupa,-76.04248178,-9.87219003
598,Pacararan,-76.60162952,-9.8721834
599,Jando Vado,-76.7964279,-9.87207727
600,Huaychao,-76.37689667,-9.855641667
601,Tambo Sarria,-75.76263701,-9.8701519
602,Putaca / Putaca Grande,-77.13534665,-9.87004953
603,Tanash Huay,-77.02075528,-9.86600902
604,San Antonio de Chonta,-76.40930324,-9.86585778
605,Colishcancha,-76.4932564,-9.86575428
606,Huin Huin,-77.65277465,-9.86557903
607,Monte Verde,-77.89310514,-9.86552577
608,Irman,-77.74572495,-9.85955326
609,Shalla,-76.0233774,-9.86516265
610,San Ignacio,-78.08462353,-9.8648554
611,Ayapiteg,-76.55069126,-9.86470728
612,Chinchinca / Chinchinga,-76.05441453,-9.8646214
613,Buena Vista,-76.52971089,-9.86067378
614,Pocra,-76.6384194,-9.86061627
615,Huanchay,-77.74554377,-9.86058952
616,Casha Pata,-76.8267694,-9.86037603
617,Aceitiyoc,-76.25630028,-9.86020802
618,Cormay,-76.58439667,-9.87377
619,Los Angeles,-75.28383002,-9.88487302
620,Shogosh,-76.4414709,-9.88439615
621,Chasqui,-76.49712446,-9.8843502
622,Ollucoloma,-76.02424415,-9.88405428
623,Yanca Huayo,-77.34141915,-9.88403615
624,Huanpar,-76.2625939,-9.88397077
625,Riura Pampa,-76.24604069,-9.899187796
626,Mina Quenhua Ragra,-77.10788426,-9.88383414
627,Huinac,-76.61548577,-9.88377753
628,Gamtu,-76.49454415,-9.88365428
629,Casamachay,-76.73879715,-9.88346141
630,Piteg,-76.76269676,-9.88341015
631,Hacienda Maria Esther,-77.77117538,-9.88321402
632,Urio,-77.30353277,-9.88319253
633,Toldorumi,-76.73486152,-9.88312453
634,Carpa,-77.29474052,-9.88305952
635,Piccha Paccha,-77.10805,-9.904553333
636,Huampumayo,-75.35560539,-9.8829764
637,Tres de Mayo De Yanacocha,-76.38252833,-9.833533333
638,Jircarcancha,-76.88276777,-9.88276778
639,Sagracorral,-76.64522014,-9.88275378
640,Huerenga,-77.33199352,-9.88273965
641,Fundo Mesapata,-76.46300815,-9.88272765
642,Yurac Puquio,-76.95179813,-9.88265028
643,San Pablo de Lanjas,-76.37916423,-9.88255851
644,?�ahuinsequia,-76.16587897,-9.8741954
645,Simon Bolivar de Quenra,-76.22339917,-9.79163069
646,Machapampa,-76.39724914,-9.8327804
647,Libertad,-75.90666878,-9.77562802
648,Palmira,-77.61460751,-9.7755639
649,Riwish,-76.50513333,-9.880681667
650,San Cristobal,-76.60518999,-9.854599978
651,Tambormachay,-76.74288677,-9.87196478
652,Shanguil Jircan,-76.61808999,-9.874539978
653,Tingo,-77.27758877,-9.8715824
654,Collota,-76.35642978,-9.87157502
655,Shiligaga,-76.50852764,-9.84938603
656,Gonog Puquio,-76.63738667,-9.850676667
657,Gechgalan,-76.43382167,-9.819873333
658,Pacta,-76.69048277,-9.84924615
659,Turripampa,-78.0500839,-9.84918902
660,Shanshuy,-75.33195964,-9.854014178
661,Rogotoyog,-76.05827053,-9.84917427
662,Ripan,-76.27393901,-9.84916578
663,Ahuas Grande,-76.35263926,-9.84899815
664,Coripampa,-76.74146866,-9.84898366
665,Marapampa,-75.94164477,-9.84879465
666,Mishitana,-76.64627328,-9.84870377
667,San Francisco Palomar del Sira,-74.5168439,-9.84852778
668,Cordormachay,-76.70687833,-9.863546667
669,Garbanzopata,-76.77693615,-9.84829778
670,Cochaucro,-76.58909065,-9.84827815
671,Mesarumi,-76.84769103,-9.84803365
672,Huayopata,-76.0659883,-9.84802167
673,Huampumayo,-75.39349814,-9.84791103
674,Mesapata,-76.77371667,-9.849921667
675,Carrizal,-78.02382528,-9.84783952
676,Rosapampa,-76.49232397,-9.87146806
677,Challhuapuquio,-76.7622709,-9.8713339
678,Luychupananan,-76.7890624,-9.87122415
679,Mina Santa Elenita,-77.4693899,-9.87075141
680,Palpan,-76.62419703,-9.87071365
681,Yanaututo,-76.50723877,-9.87060477
682,Marcopata,-76.12335273,-9.87056895
683,Pachamu??a,-76.107775,-9.891655
684,Chagllapampa,-76.08216577,-9.87333077
685,Chongarun,-77.69897402,-9.8731324
686,Llinlli,-76.40359864,-9.87304203
687,Flor de un Dia,-75.07763428,-9.87296853
688,Silla Marca Marca,-75.93264192,-9.87295035
689,Ni??acocha,-76.01429319,-9.87293149
690,Huaylapa (Sierra Verde),-76.67994167,-9.87186
691,Mascaron,-76.0877249,-9.87283227
692,San Luis,-76.0761414,-9.5857529
693,Tato,-75.47729764,-9.5855914
694,Sonchopampa,-76.23683802,-9.85885578
695,Fundo San Juan,-76.07932865,-9.85885052
696,Huancacucho,-76.49205464,-9.85877102
697,Chavinillo,-76.60839481,-9.85874366
698,Rucuanuca,-76.69906091,-9.85866127
699,Sheclla,-76.90223377,-9.85864415
700,Collota,-76.46067164,-9.85860503
701,Pachachaca,-76.7881714,-9.85834403
702,Huallan,-77.69238566,-9.85832915
703,Pueblo Viejo,-76.79741853,-9.85232803
704,San Pedro Macha,-76.30399689,-9.85222458
705,Chihuancal,-76.62952667,-9.852396667
706,Quishuar,-75.88359336,-9.85200807
707,Huayrajirca,-76.13421912,-9.85188595
708,Quera / San Sebastian de Quera,-76.27439512,-9.85182463
709,Antacallanga,-77.11187,-9.891155
710,Putacahuain,-76.7760084,-9.85168578
711,Goripampa,-76.72872667,-9.847433333
712,Hualli,-77.72335656,-9.84204511
713,Tauripampa,-76.82177653,-9.85154566
714,Ucruhuay,-76.68851865,-9.85150003
715,Chayac Chico,-76.40679127,-9.85148989
716,Jarapacha,-76.47842489,-9.85145228
717,Puto Shongo,-76.59591667,-9.846018333
718,Tumacpampa,-76.10632268,-9.85091958
719,Pulpuliag,-76.63496833,-9.850973642
720,Taruca,-76.14941827,-9.85085177
721,Uncho,-76.28459227,-9.85064341
722,Huiyan,-76.00744672,-9.85057794
723,Guellaycancha,-76.79487011,-9.85027509
724,Jatun Ogo,-76.64645999,-9.848809978
725,Ututo,-76.92030727,-9.84997115
726,Conobamba,-76.82880901,-9.84995463
727,Tarayoc,-76.20145077,-9.84992602
728,Huishllac,-76.83403965,-9.84977728
729,Taulligan,-76.14692387,-9.84969623
730,Maronilla,-75.85608999,-9.232799977
731,Porvenir de Marona,-75.89885419,-9.22971393
732,Tablachaca,-76.71007977,-9.2291949
733,Cruz Punta,-76.05468433,-9.85825337
734,Huancayoc,-76.7180979,-9.85821341
735,Recodo,-76.86136615,-9.85815777
736,Isipampa,-76.54039421,-9.84690284
737,Concepcion,-75.668725,-9.864815
738,Huayllapampa,-76.1578699,-9.8579854
739,Mesapata,-76.69456827,-9.85781453
740,Bolognesi,-76.63857383,-9.85775308
741,Constitucion / Ciudad Constitucion,-75.01737381,-9.85719725
742,Huancaturpa,-75.96980442,-9.85750599
743,Huanchag Grande,-75.93549562,-9.85747804
744,Tierra Blanca,-76.05766103,-9.8574524
745,Rumitambo,-75.28601503,-9.85741565
746,Cashapata,-76.89347691,-9.85738728
747,Libertad De Santa Ana,-76.41701346,-9.79110654
748,Pampacancha,-77.14082165,-9.8572564
749,Mayorgo,-76.16562889,-9.85718028
750,Casacancha,-76.40719265,-9.85696516
751,Pancam,-77.61746677,-9.8569414
752,Antarragra,-76.55112,-9.846203333
753,Urraga,-76.63395852,-9.8567779
754,Huanquilla,-76.20592752,-9.85677403
755,Shiripata,-76.9238514,-9.85676165
756,Jallan / Galan,-76.52105665,-9.85666578
757,Santa Rosa,-78.08165589,-9.8565639
758,Yanayacu,-76.32381818,-9.86009075
759,Fundo Yolanda,-70.87935938,-9.86007227
760,Pacaypampa,-76.15905199,-9.86001076
761,Colpa,-76.85027421,-9.8599428
762,Tantash,-77.19795,-9.88571
763,Casha,-76.14911011,-9.85959262
764,Pumaucro,-76.64356828,-9.85957166
765,Yunca Shunto,-76.02793614,-9.85957127
766,Palmapampa,-75.7228322,-9.754423734
767,Sinchi Roca,-76.629735,-9.859056667
768,Progresista (Pogra),-76.63508333,-9.865266667
769,Conchumayo,-76.1891002,-9.8590019
770,Pucacocha,-76.90132027,-9.3837109
771,Choquemarcan,-77.0779769,-9.38362252
772,Trigopampa,-77.60303092,-9.38443968
773,Ullucuyoc,-77.01741103,-9.38321177
774,Huangur  Cuta,-76.75409999,-9.378619978
775,Carian,-77.59018955,-9.38051292
776,Piquitambo,-76.3414849,-9.84961103
777,Intipumco,-76.87239978,-9.8494824
778,Agua Blanca,-75.92828715,-9.84946459
779,La Inmaculada,-75.08240885,-9.848710164
780,Ranchin,-77.7112125,-9.84194224
781,Pampa Corral,-76.68035402,-9.84754028
782,Buenos Aires,-76.64801846,-9.84753945
783,Chuquillo / Chunchillco,-75.94403603,-9.84745789
784,Puerto Violeta,-74.91217078,-9.85597037
785,Cedruyo,-75.4726215,-9.06827547
786,Puquio,-77.96689855,-9.07387181
787,Shuyumachey,-77.03063328,-9.07629452
788,Chabela / Chabela Ucro,-77.01557715,-9.07629365
789,Huangramarca,-76.64793264,-9.83493365
790,Hurianjaga,-76.57855377,-9.83488702
791,San Cristobal de Querapampa,-76.21232028,-9.84126953
792,Huayuculano,-76.62075471,-9.84114814
793,Pacapucro,-76.13965331,-9.8411002
794,Ruripampa,-77.26175915,-9.84105928
795,Monterrico,-76.80688689,-9.84098428
796,Chumipata,-76.79137976,-9.84057353
797,Jiramachay,-76.59033667,-9.838976667
798,Aro Cancha,-77.53991015,-9.84054015
799,Cashaucro,-76.50205,-9.826025
800,Huacuto,-76.63002664,-9.84010631
801,Cuzmo,-78.00744871,-9.83813856
802,Mismi,-77.4010894,-9.07439927
803,Shatanya,-73.48723339,-9.0742209
804,Carampuquio,-76.87317302,-9.77396665
805,Ututo,-77.57807428,-9.7738709
806,Chushle Jircan,-76.66931353,-9.77358515
807,Catumarca,-77.95854389,-9.0759824
808,Rinconada,-77.79442061,-9.07560465
809,Chicha Verde,-76.84613465,-9.0755829
810,Ichic Huaranga,-76.62561715,-9.83646677
811,Cuchicancha,-76.67721303,-9.83632428
812,Putaga,-76.68113167,-9.83862
813,Tucu Huaganan,-77.52990814,-9.83616891
814,Huancamina,-76.51289776,-9.8360867
815,Upay Ucro(Jupay Ucru),-76.60816833,-9.838883333
816,Canchapitec,-76.6520424,-9.83602603
817,Shoroca,-76.20998239,-9.8358934
818,Marcaragra,-76.80005013,-9.83580977
819,Mitoquera,-76.31690386,-9.8357341
820,Rancho Grande,-76.08932427,-9.83573328
821,Huaycolan / Huayculado Antiguo,-76.61830752,-9.83569053
822,Kero Coral,-76.23456889,-9.83559653
823,Cashamachay,-76.56889065,-9.83524753
824,La Linda,-76.0949214,-9.83515803
825,Racri,-76.80305728,-9.83501203
826,Orellana,-74.87962588,-9.83936885
827,Mancacoto,-76.781255,-9.834101667
828,Ancaratana,-76.69595739,-9.83433264
829,Pucarajo,-77.07008727,-9.83418341
830,Posada,-77.37840801,-9.8341714
831,Huacahuasi,-76.58466128,-9.81234527
832,Lliuya,-76.86891115,-9.81234152
833,Nuevo Shahuaya,-74.14961914,-9.81232815
834,Champa,-77.98978902,-9.81223466
835,Chilcayoc,-75.9215179,-9.81216778
836,Collota,-76.73394,-9.805718333
837,Uchcopampa,-77.21503777,-9.07415765
838,Chauchas,-77.32698827,-9.07405853
839,Matush,-77.34409964,-9.07393728
840,Utush,-77.37268052,-9.0778544
841,Taullicancha,-77.04875078,-9.07769253
842,Baldomero,-73.41548289,-9.07753027
843,Yuracyacu,-75.70248264,-9.07747102
844,Miguel Grau,-75.79184526,-9.17985817
845,Cochabamba,-77.31940037,-9.07893572
846,Sapcha,-77.39053448,-9.075515266
847,Pi??ayoc,-75.8825482,-9.83892838
848,Tungra,-75.98322581,-9.83891011
849,Casacancha,-76.6080694,-9.83874928
850,Hueca,-77.7144959,-9.8386754
851,Tingo Loma,-76.05286102,-9.81279227
852,Tambo,-76.03974,-9.814123333
853,Raquiscocha,-76.6231964,-9.81244627
854,Pampa Esperanza,-76.87440716,-9.81236415
855,Mulluhuanca,-77.67761365,-9.77578278
856,Pampamachay,-76.7925954,-9.7756999
857,Quinta Praga,-76.12852167,-9.834586667
858,Raria,-77.28241,-9.8703
859,Pariapampa,-76.6269265,-9.83459797
860,Pampa Chacra Alta,-76.25355333,-9.804805
861,Tuyari / Tumari,-76.1260094,-9.7895724
862,Pachachupan,-76.08208207,-9.78937816
863,Balcon Celoso,-77.78249167,-9.786423333
864,Mishkel,-77.73566878,-9.78924403
865,Yanamayo,-76.41139128,-9.7892014
866,Pogoc,-76.42044702,-9.78913291
867,Cuncush,-76.64833389,-9.78910153
868,Pocoj,-76.79209828,-9.78904328
869,Cangrash,-76.842955,-9.788058333
870,Chuchirumi,-76.65978903,-9.78895165
871,Yanarumi,-76.40228414,-9.78886241
872,Vinchos,-76.14077266,-9.78877015
873,Purcucancha,-77.82795999,-9.788769978
874,Buenavista,-76.29783489,-9.78869565
875,Tuntun,-76.02775015,-9.7886559
876,Cancana,-77.46885565,-9.78854702
877,Piedra Blanca,-75.81151627,-9.78851527
878,Uchpas,-76.84450928,-9.78849916
879,Huayranan,-75.95021977,-9.78843652
880,Callao,-76.20257753,-9.78833315
881,3 de Mayo de Piteg,-76.8443425,-9.7912097
882,Arwecancha,-77.7220674,-9.78831815
883,Buena Vista,-76.74740588,-9.78826092
884,Tauri,-77.37711553,-9.78819191
885,Paltaniyoc,-75.9283884,-9.78814252
886,Quishuar,-77.78768473,-9.78783802
887,Pirhuapata,-77.36488853,-9.78805365
888,Laja Laja,-76.89766167,-9.789931667
889,La Madera,-76.4354309,-9.78697453
890,Jatun Corral,-76.71844952,-9.7869124
891,Ortiz Corral,-76.47436614,-9.7868444
892,Chaupijirca,-76.638155,-9.7779
893,Minajirca,-76.88907667,-9.786313333
894,Cochabamba,-76.15944283,-9.78658186
895,Verdecocha,-76.80405127,-9.78653665
896,El Castillo,-76.7968374,-9.78643777
897,Collca Pata,-77.44289765,-9.7864214
898,Nacya,-77.7251879,-9.78625515
899,Cuncush Pampa,-76.74155167,-9.782021667
900,Pilcopampa,-75.85617342,-9.78785218
901,Mantacayan,-77.73497001,-9.81900591
902,Mina San Salvador,-77.4572304,-9.81899865
903,Pucarani,-76.10851465,-9.81886015
904,Jatupampa,-77.416353,-9.817185
905,Casharagran,-76.66631026,-9.8187599
906,Quechuapata,-76.2588454,-9.81862202
907,Alalac,-77.68733578,-9.8185674
908,Pachacoto,-77.66716833,-9.804811667
909,Hichicera,-77.66014833,-9.825705
910,Samaren,-74.01084965,-9.81821289
911,Cruzpata,-76.16323564,-9.81801003
912,Pasto,-75.90002338,-9.81787852
913,Yanapampa,-76.67370464,-9.81787628
914,Miramar,-77.71398527,-9.8176924
915,Santa Isabel,-75.29112333,-9.748063333
916,Santa Rosa de Umpash,-76.66186862,-9.81764512
917,Picop,-77.7059499,-9.81731803
918,Morada Jirca,-77.5555239,-9.81726627
919,Llanquish,-77.67445729,-9.8174017
920,Chaquipuquio,-76.85567252,-9.81724053
921,Aguacalla,-76.15166615,-9.81720303
922,Yuracyacu,-76.589975,-9.803675
923,Canamini,-77.58489365,-9.81718215
924,Lagunas,-77.99370698,-9.82669349
925,Chagllapampa,-75.81730378,-9.81512115
926,Pochogoy,-75.91901833,-9.827653333
927,Parashapampa,-76.61454277,-9.81505641
928,Checchin,-77.67301999,-9.814479978
929,Manzana,-77.66629277,-9.81706065
930,Huacacorral,-76.2285099,-9.81693477
931,Pucahuayin,-76.66381964,-9.81685953
932,Mesa Pata,-76.58466628,-9.81670228
933,Pilcomayo,-75.96789964,-9.81668264
934,Sogosogo,-76.04575691,-9.81667103
935,Gasag Grande,-76.33943963,-9.81665128
936,Cachina,-76.94684614,-9.81659803
937,Agua Nueva,-75.82371718,-9.76153264
938,Pallca,-76.77539252,-9.81644528
939,Piruro Corral,-77.38830326,-9.8164154
940,Mishapampa,-76.6343104,-9.81627315
941,San Sebastian De Goramarca,-76.31023608,-9.80071336
942,Llulluas,-77.64378678,-9.81613914
943,Rio Pozuzo,-75.33513514,-9.81603303
944,Yanacara,-77.66167553,-9.81585953
945,Yanahuanca,-77.39368303,-9.81575002
946,Tancar,-76.02095203,-9.81564115
947,Jushcas,-77.60027191,-9.81547627
948,Ocun,-77.66831565,-9.81545602
949,Pitec / Piteg,-76.83559365,-9.81531915
950,Cashapata,-76.88569103,-9.81523978
951,Rain Condor,-76.63991039,-9.815236
952,Ramrash,-77.71907153,-9.8152109
953,Ismucancha,-77.50002607,-9.781016951
954,Cancan,-76.20434814,-9.78579809
955,Ututo Ragra,-76.6614044,-9.78562703
956,Cuchicancha,-76.63862167,-9.781833333
957,Carato,-77.03544333,-9.790755
958,Shiquin,-77.6174579,-9.78502466
959,Kakesh,-77.58506828,-9.78500715
960,Zabalo,-75.52142238,-9.81443728
961,Hua??in,-77.7284359,-9.81442765
962,Puerto Piquinique,-70.83345202,-9.81438765
963,Karman,-77.59321878,-9.81438664
964,Jogo,-77.00470725,-9.81437843
965,Canchas,-76.65600489,-9.81416366
966,Shapallu,-77.71317478,-9.81413865
967,Huala Huala,-76.73168333,-9.80614
968,Jircan Corral,-76.86243515,-9.8140684
969,12 de Octubre,-76.87017,-9.81579
970,Mina Nivel Tres,-77.48319815,-9.81393415
971,Bramadero,-76.92260027,-9.81368627
972,Llacshacayan,-76.5692139,-9.81363528
973,Agro Union,-74.91028242,-9.81355586
974,Huairona,-75.99825528,-9.81349753
975,Fundo ?�u??un,-77.72537178,-9.81347978
976,Yuracniyoc,-76.13294827,-9.8133394
977,Tembladera,-76.1551794,-9.81314266
978,Chogopampa,-76.78576689,-9.77432053
979,Llacllaco,-77.58113803,-9.77426852
980,Quinua Pampa,-76.79301953,-9.77416402
981,Ucrubamba,-76.835795,-9.77145
982,Huancacancha,-77.74167378,-9.77410477
983,Racacha,-77.02435539,-9.7739934
984,Ulta,-78.00208667,-9.089496667
985,Accha,-77.08410416,-9.0752224
986,Catumarca,-77.96783153,-9.07498828
987,Cruz Pampa,-77.11305966,-9.0747259
988,Fe Y Esperanza,-77.96622999,-9.070159977
989,Manshito Chico,-76.51164177,-9.07444927
990,Chupis Punta,-77.67247999,-9.838569977
991,Santa Rosa de Shayag,-76.40100842,-9.8384044
992,Mina Purush,-77.4586379,-9.8383184
993,Casha Punta,-76.83228165,-9.83817903
994,Huaytuna,-76.71014965,-9.8381649
995,Songoncha Ragra,-76.85519314,-9.83812415
996,Pasto Huacta,-75.85287403,-9.83790853
997,Huishun,-76.64955678,-9.83787103
998,Yanashallash,-77.07273167,-9.845246667
999,Ahuas Chico,-76.36439916,-9.83779827
1000,Capillanioc,-76.36734028,-9.83771202
1001,San Asuncion de Racche Cancha,-76.29537821,-9.815691896
1002,Culec Grande,-76.76511651,-9.8375904
1003,Huasca,-76.63963952,-9.83755803
1004,Pampa Raju,-77.29579999,-9.745559978
1005,Llicua / Llicua Jircan,-77.3849094,-9.80821453
1006,Anchac Chico,-76.8076369,-9.80818041
1007,Utchuhuain,-76.79774378,-9.80807353
1008,Quenhua,-76.37852852,-9.80798265
1009,Llacon,-76.30563205,-9.80791623
1010,Yaruhuayin,-76.56897167,-9.79387
1011,Rotuna,-76.88551703,-9.79026816
1012,San Isidro de Marag,-76.24471123,-9.78369219
1013,Matoc,-76.19607803,-9.83749664
1014,Incapuquio,-76.68855576,-9.83745265
1015,Hualpayunca Chico,-76.67701333,-9.833346667
1016,Huallpayunca,-76.67697012,-9.83725565
1017,Yeso Tacana,-76.82255302,-9.83371615
1018,Huagracancha,-76.24023415,-9.83371361
1019,Jircanhuay,-76.68644951,-9.83359627
1020,Anjosh,-77.36524815,-9.83345727
1021,Nause,-76.22086702,-9.83329178
1022,Shaycuna,-76.63288591,-9.83319903
1023,Yanamayo,-76.06001527,-9.83287265
1024,Jango Ragra,-76.55297515,-9.83280627
1025,Churana / San Lorenzo,-77.38810627,-9.77473227
1026,Puponcocha,-76.68767687,-9.77468414
1027,Mesapata,-76.588605,-9.832198333
1028,Tambogan,-76.22907477,-9.77454361
1029,Pilcocancha,-76.73318227,-9.77451052
1030,Huayllaco,-76.89915167,-9.76707
1031,Calicanto,-77.61678203,-9.77443291
1032,Llamayupana,-76.56251739,-9.77434091
1033,Santa Rosa de Toma,-75.85042483,-9.83258606
1034,Jircacancha,-76.83533728,-9.83252177
1035,Jeccho,-76.67382365,-9.81287953
1036,Anyana,-76.59039028,-9.81296153
1037,Jircash,-77.66525126,-9.81287953
1038,Succha,-77.65001022,-9.82333239
1039,Cebada Loma,-75.89507352,-9.8242559
1040,Chinchopampa,-75.90224614,-9.82416696
1041,Tican,-77.64195553,-9.82393902
1042,Huillcap,-77.70382,-9.825231667
1043,Santo Domingo,-75.84095153,-9.8239074
1044,Ichicpuputin,-76.36170027,-9.82373852
1045,Villa de Manta,-76.68426016,-9.82370588
1046,Tinyahuarco,-76.15533102,-9.8236009
1047,Hurasequia,-77.72462415,-9.82330903
1048,Mantaucro,-76.68343167,-9.826316667
1049,Llanqui,-77.69404302,-9.82301002
1050,Cachichacuna Pampa,-76.50881415,-9.82269753
1051,Huaycoto,-76.13487502,-9.82263465
1052,Palma Monte,-75.87641863,-9.83720565
1053,Atoc Sheco,-77.54540353,-9.83715452
1054,Cochayoc,-76.90159127,-9.8367934
1055,Cuyao,-76.24780765,-9.83658802
1056,Lucma,-77.36010365,-9.0767944
1057,Retama,-77.3517399,-9.07653503
1058,Mina Cajavilca,-77.4618929,-9.07645228
1059,Pueblo Nuevo,-76.06332123,-9.07815774
1060,Ushac Punta,-76.05805265,-9.84713802
1061,Tumanhuari,-76.69025623,-9.84713541
1062,Parac,-77.69216138,-9.84787355
1063,Jojan Pampa,-77.00026676,-9.75441152
1064,San Francisco De Rurimarac,-77.64111599,-9.75377289
1065,Chacpa,-76.66941289,-9.75427465
1066,Cochapata,-76.82319448,-9.75419447
1067,Mal Paso,-77.91892167,-9.755086667
1068,Matasahuay,-76.73048901,-9.7539914
1069,Puquio,-76.79836182,-9.75392051
1070,Ichic Huashcu,-77.73501915,-9.75391041
1071,Tunahuain,-76.63764302,-9.75380691
1072,Piruro Pampa,-76.6743189,-9.75375502
1073,Belen,-75.72848448,-9.7379981
1074,Santa Isabel,-76.33546616,-9.75336593
1075,Vista Alegre,-75.7854814,-9.75327703
1076,Quihuan,-77.61733126,-9.75710089
1077,Cedrio,-76.32010977,-9.75306765
1078,Seccha,-76.89135103,-9.75280952
1079,Patapata,-76.81713902,-9.7527704
1080,Pavina,-76.04578276,-9.84450281
1081,Dos Aguas,-76.59209321,-9.84446605
1082,Vinchos,-76.73380439,-9.84444303
1083,Curayacu,-76.80828165,-9.84433077
1084,Pariagaga,-76.64221978,-9.84417465
1085,Dos Posos Willca,-75.9880543,-9.85213555
1086,Santa Rosa,-75.60967377,-9.84384565
1087,Mina Madre de Dios,-77.43427952,-9.84380752
1088,San Juan,-76.25934853,-9.84376303
1089,Florida,-76.69232601,-9.84365678
1090,Parada,-75.89334669,-9.84361084
1091,Huacuy,-77.71168253,-9.84360665
1092,Quisches / Quinchas,-76.8130824,-9.84345002
1093,Takat / Tacog,-76.60836439,-9.8433499
1094,Jatunpucro,-76.29589094,-9.84313516
1095,Sexcegora,-76.22796851,-9.84310578
1096,Nazareth de Shahuaya,-74.10168003,-9.84249886
1097,Chu??omachay,-76.87122952,-9.8430304
1098,Shuruyo,-76.14944833,-9.844723333
1099,Garbanzo,-76.25058089,-9.84287817
1100,Mercenario,-76.24491302,-9.84280515
1101,Cormillo,-75.83011365,-9.84272502
1102,Yanamayo,-76.38634027,-9.84266878
1103,Cochapampa,-76.02234977,-9.84261566
1104,Tingo,-76.48165614,-9.84257952
1105,Shillahuarin,-76.63880015,-9.84239078
1106,Quinque,-75.87613728,-9.84236065
1107,San Luis de Cancalla,-76.11063357,-9.84233171
1108,Cosmopolita,-75.97377221,-9.84226726
1109,Huancayoc,-76.62120915,-9.84224215
1110,Potaga,-76.50385333,-9.827646667
1111,Chaullojuanca / Culluhuanca,-77.66496865,-9.84167515
1112,Nueva Labrada,-76.56672809,-9.84153134
1113,Conchacalla,-75.90397152,-9.84142015
1114,Tapiocag,-76.49999165,-9.84134602
1115,Ogopata,-76.79718227,-9.84003578
1116,Cuncayoc,-76.69104752,-9.83999266
1117,Hacienda Torres,-77.05259964,-9.83983077
1118,Puerto Burro,-75.11124167,-9.853356667
1119,San Juan de ?�auza,-76.21407159,-9.83978488
1120,Huancapunta,-76.49740465,-9.83977115
1121,Chullqui,-76.12385478,-9.8397433
1122,Pachanacan,-76.0378689,-9.83968415
1123,Collota,-76.9919659,-9.83953965
1124,San Juan Bautista de Cascay,-76.14692429,-9.8395166
1125,Colacocha,-76.56849027,-9.83938941
1126,Velarajra,-76.9357309,-9.83911928
1127,Machahuanca,-76.22831602,-9.83904352
1128,Puente San Juan,-76.59863764,-9.83894478
1129,Casacancha,-76.83218902,-9.8120704
1130,Rampac,-77.49133714,-9.8119574
1131,Quimin,-76.24529864,-9.81176228
1132,Vista Bella,-77.6773909,-9.81174139
1133,Chinobamba,-76.1691701,-9.8117348
1134,Tingo Ragra,-76.59702167,-9.78306
1135,Loglash,-76.7975764,-9.81157478
1136,Pucapacsha,-76.61886602,-9.8115334
1137,Aurimachay,-75.96946929,-9.83391264
1138,Rancho Chico,-76.09770114,-9.83382352
1139,Sinai,-74.917515,-9.83376
1140,Jegnapatay,-76.60360778,-9.83376015
1141,Parcup Grande,-77.57841167,-9.819621667
1142,Loca Pu??unan,-76.85319527,-9.82253728
1143,Rudapata,-76.09681828,-9.82247815
1144,Puerto Flores,-74.87332165,-9.82210027
1145,Piruro,-75.87458928,-9.82199115
1146,Cashajircan,-76.66365315,-9.8219714
1147,Cutapuquio,-77.412275,-9.828585
1148,Amacoto,-77.7513304,-9.82129478
1149,Chihuanhuay,-75.89415333,-9.833
1150,Maquinayoc,-76.07732716,-9.82124552
1151,Huillipata,-76.6824564,-9.82113077
1152,Biramarca,-76.28782126,-9.82112515
1153,Chuchocos,-77.66831999,-9.821069978
1154,Sagragallan,-76.58796928,-9.82085215
1155,Yuracpampa,-76.55678127,-9.82077241
1156,Huanchairo,-76.04405615,-9.82072265
1157,Coris,-77.71913083,-9.82049994
1158,Maraytacaj,-76.63286952,-9.82064677
1159,Minera Catac,-77.42918127,-9.82040916
1160,Antapajcha,-76.7491659,-9.82024216
1161,Winay,-76.77057302,-9.82019628
1162,Cochan,-77.65089102,-9.82014615
1163,Tingo Pampa,-76.05748865,-9.82004502
1164,Anchac Grande,-76.80436065,-9.82000627
1165,Pacrash,-77.6823724,-9.82000502
1166,Parco,-77.57003515,-9.81982002
1167,Pampachacra,-76.25375102,-9.81981327
1168,Cachupampa,-76.59159464,-9.74486128
1169,Colcabamba,-77.80881123,-9.59474921
1170,Arpero,-76.60238667,-9.596233333
1171,Muchcay,-76.87491235,-9.59472228
1172,Chincho,-76.38815333,-9.570503333
1173,Cunca,-77.77891377,-9.59425128
1174,Ararcocha,-77.54195895,-9.593419638
1175,Tranca,-76.66236552,-9.5941044
1176,Huiscormashanan,-77.50006894,-9.593956729
1177,Palgarragra,-76.91566313,-9.59396652
1178,Canchar,-77.8952494,-9.59372965
1179,Palanca,-76.74053753,-9.59361453
1180,Muchcapo,-77.50010711,-9.59739541
1181,Caspras / Cachcas,-76.86085439,-9.59352253
1182,Mesapataj,-76.40307,-9.582509333
1183,Maravilla Pampa,-76.73203753,-9.59323565
1184,Santa Rosa,-77.46272528,-9.59315502
1185,Yupapa,-76.6566979,-9.59314352
1186,Pasquita,-77.80802715,-9.59305641
1187,Rucashcahuay / San Pedro,-77.51429827,-9.59284028
1188,Puchi Punta,-76.61345667,-9.596833333
1189,Purpuro,-76.76707465,-9.59267741
1190,Mushcaucro,-76.62425939,-9.59267315
1191,Pumpa Jacha,-76.72421,-9.596106667
1192,Huayoc,-77.03600765,-9.59245977
1193,Nauma,-76.39337167,-9.573523333
1194,Mashoca,-75.43231435,-9.59235326
1195,Pukin,-77.77712228,-9.59207065
1196,Gaya,-76.71775426,-9.5919189
1197,Santa Cayan,-77.80542726,-9.59185753
1198,Jinchin,-76.89733202,-9.59182615
1199,Tancuy,-76.97584102,-9.59175666
1200,Papahuasi,-76.32165739,-9.59172965
1201,Piruro,-76.72055167,-9.594071667
1202,Sin Sau,-76.71052665,-9.59171677
1203,San Martin de Porres,-76.71792535,-9.59160943
1204,La Florida,-77.82312229,-9.73659062
1205,Rurayoc,-77.81856428,-9.74190652
1206,Sacapampa,-76.656075,-9.742666667
1207,Cuncush,-76.38987965,-9.81978515
1208,Ollanta,-74.01010139,-9.81978189
1209,Chacamayo,-76.79614478,-9.81978065
1210,Tucuhuayin,-76.83411833,-9.814405
1211,Chuchuoiquio,-76.69084378,-9.81956903
1212,Santa Rosa de Llegllish,-76.84739594,-9.81954163
1213,Pichui,-76.23897048,-9.81951855
1214,Yanamachay,-76.66295526,-9.81940591
1215,Jatuncancha,-77.31004927,-9.81939327
1216,Quecap,-77.72485377,-9.81929403
1217,Huayash,-76.82559227,-9.81926728
1218,Huicshu,-77.70768478,-9.81916877
1219,Jatun Chullpa,-76.13495327,-9.81914228
1220,Shaoallo,-77.71323427,-9.81907178
1221,Asencion,-75.76946878,-9.8190449
1222,Huancall,-77.61246901,-9.78601653
1223,Carampayog,-76.77236578,-9.78591627
1224,Hacienda Callan,-77.13620976,-9.7735564
1225,Ogo,-76.73104026,-9.77354427
1226,Yanco,-77.59183215,-9.77354089
1227,Villa Castilla,-76.6455359,-9.77316814
1228,Parian,-77.80621522,-9.77401722
1229,Tarugo,-77.48796852,-9.77312553
1230,Mina San Pedro,-77.48045041,-9.77297553
1231,Timushana,-76.897945,-9.775555
1232,Pinculluyoc,-76.16742364,-9.77286464
1233,Santa Rosa de Ticahuayin,-76.64463833,-9.772088333
1234,Choquicocha,-76.81185351,-9.77278141
1235,Campamento Tarugo,-77.54142465,-9.77263253
1236,Tactacancha,-76.47157515,-9.77254677
1237,Chiuruco,-76.87869167,-9.810275
1238,Soraya,-75.53826953,-9.80962303
1239,Los Angeles del Rio Codo,-75.36048887,-9.80952308
1240,Mina Florida,-77.48078441,-9.80946353
1241,Carhuas Cancha,-77.5283924,-9.80925427
1242,Gitana,-77.37605927,-9.80921802
1243,Colca,-77.66172299,-9.80926989
1244,Shamocoto,-77.7090109,-9.80912453
1245,Minagaga,-76.75552652,-9.74794465
1246,Mashuapata,-76.88966365,-9.74786814
1247,Chupan,-76.64826913,-9.74782989
1248,Ragrahuayi,-76.62958,-9.740593333
1249,Querapampa,-76.41044503,-9.78023002
1250,Ranra Huran,-77.58951964,-9.77996352
1251,Bre??a,-77.68825101,-9.77995677
1252,Shonque,-77.7149544,-9.77884214
1253,San Juan de Igna,-76.286525,-9.74894425
1254,Jachacacllan,-77.59657315,-9.74882816
1255,Huarahuayuna,-77.60894252,-9.7488264
1256,Huachacpampa,-77.44077866,-9.74864328
1257,Collparuri,-77.4570829,-9.7486429
1258,Hualmish,-76.25220974,-9.74863342
1259,Sogo Pampa,-76.58794403,-9.7485339
1260,?�ahuinccacca,-76.30279278,-9.74842278
1261,Piruro,-76.76489815,-9.74838502
1262,Pucarumi,-76.72874453,-9.74812878
1263,Huacra Huillca,-76.37136078,-9.77759764
1264,Yanayacu,-77.41701152,-9.77759327
1265,Tararpampa,-76.62592914,-9.7773939
1266,Rayanucro,-76.80365203,-9.74748152
1267,Santa Isabel,-74.96455966,-9.77880718
1268,Huancapampa,-76.7386269,-9.77875516
1269,Ichic Yanama,-76.52468415,-9.77860265
1270,Puca Meza Pata,-76.89185833,-9.782898333
1271,Yana Mayo,-76.43947764,-9.77838952
1272,Jaguispata / Jaquishpata,-77.34039276,-9.77836716
1273,Chalcan,-76.8046399,-9.77807428
1274,Ugro Puquio,-76.88716965,-9.77807253
1275,Huamparin,-76.6812791,-9.77807094
1276,Cunhuasa,-77.68067777,-9.7780654
1277,Cerocnioc,-76.19277678,-9.77805715
1278,Chilcho,-77.62172802,-9.7778149
1279,Huisllac,-77.58501076,-9.77759977
1280,El Dorado,-75.01265196,-9.80897914
1281,Puquio Uran,-77.71652564,-9.80896427
1282,Mancallpa,-76.85973667,-9.805848333
1283,Ogopampa,-76.78409165,-9.80889478
1284,Lucma Yoc,-76.13591586,-9.79112135
1285,Ogobamba,-76.59298,-9.778975
1286,Tactacorral,-76.4119924,-9.8086019
1287,Ungara,-76.31403314,-9.80832953
1288,Luychu,-76.71460626,-9.80831441
1289,Shunqui,-76.680287,-9.80867
1290,Alacayog,-76.68000777,-9.80825265
1291,Humpare / Ultococha,-76.68280865,-9.78451577
1292,Huagash,-77.74607252,-9.80983453
1293,Mesapata,-76.70957502,-9.80981978
1294,Kilicsha,-76.27574917,-9.80976163
1295,Huallanca,-76.30349764,-9.80974116
1296,Jircacancha,-76.6534029,-9.77254266
1297,Tullca,-76.09774376,-9.77253846
1298,Collpa,-76.73936902,-9.77249202
1299,Cruzmiyoj,-76.54041477,-9.77231765
1300,Tomapata,-77.44732103,-9.77231015
1301,Rio Blanco,-75.72870414,-9.77228015
1302,Taucun,-76.80543141,-9.77215615
1303,Ba??os,-77.4616609,-9.7720399
1304,Micho,-76.0816369,-9.77181776
1305,Cajonpuquio,-76.8159414,-9.77178727
1306,Meza Pata Grande,-76.88989,-9.776816667
1307,Tucuhuain,-76.82723889,-9.7717614
1308,Chichipara,-75.76026999,-9.717409978
1309,Llanqui,-77.59683285,-9.76991528
1310,Organo Rumi,-76.73069027,-9.77164002
1311,Bacapishtea,-72.65257815,-9.77162891
1312,Ancahuachanga,-76.78489452,-9.77162665
1313,Ocshapiteg,-76.5523899,-9.77155927
1314,Pumahuain,-77.58235215,-9.77128677
1315,Jecchopata,-76.67249078,-9.81143716
1316,Pachac,-77.72589114,-9.81131453
1317,Tiprac / Ticrap,-77.65645303,-9.74182139
1318,Chacapampa,-76.65874165,-9.74180653
1319,Porogsajircan,-76.83042265,-9.74179916
1320,Canyapampa,-77.4581954,-9.74177902
1321,Ninakaka,-77.49962928,-9.7213664
1322,Plaza Pampa,-77.38429476,-9.72135789
1323,Challhua,-77.45147266,-9.72128677
1324,Intinpunco,-76.81494188,-9.72123203
1325,Marcara Pampa,-77.47971333,-9.72595
1326,Acray,-77.94798589,-9.72111978
1327,Casa Hacienda,-77.73065167,-9.793026667
1328,Mina Mariscal,-77.51497891,-9.81095927
1329,Pojpush,-76.83741,-9.811356667
1330,Jarman,-77.60404464,-9.81089065
1331,Huarhua Coto,-77.7741004,-9.81078015
1332,Accopite,-76.4225164,-9.81077965
1333,Allma,-77.63205052,-9.81073702
1334,Guegui,-76.6526444,-9.81073315
1335,Sengayog,-76.60557833,-9.8062
1336,Percay,-77.83953253,-9.81067427
1337,Quelloc Cona,-77.58841003,-9.81059578
1338,Chuchupuquio,-76.74630415,-9.8102554
1339,Huarman,-76.66404163,-9.81008677
1340,San Jose,-77.66575,-9.809511667
1341,Manpac,-77.61507052,-9.79014915
1342,Yurac Rumi,-77.01042053,-9.79005728
1343,Hueyllan,-77.60269965,-9.78995815
1344,Yuracpuquio,-76.90068252,-9.78983453
1345,Utcog,-76.80672915,-9.7861209
1346,Jarapayoc,-76.76825652,-9.78483952
1347,Racuay,-76.83508616,-9.77724922
1348,Cayan,-77.14531451,-9.78466341
1349,Sipza,-77.62247156,-9.74093891
1350,Raypa Nuevo/Raypa,-77.88114235,-9.7454253
1351,Huayllacancha,-77.47023999,-9.745109978
1352,Tantash,-76.79757452,-9.74524503
1353,Cluk,-76.7436629,-9.74495028
1354,Maray Corral,-76.39365976,-9.74489315
1355,Jircahuayi,-76.60642667,-9.732908333
1356,Quisuar,-76.33068876,-9.74183539
1357,Antapampa,-76.66967501,-9.74210328
1358,Jatumpampa,-77.0084999,-9.74207302
1359,Obaspampa,-76.66145756,-9.78359936
1360,Salapampa,-76.07683818,-9.77666481
1361,Ismopata,-77.49424965,-9.7831729
1362,Garu,-76.79837566,-9.78298378
1363,Chinchanco,-76.11447265,-9.78286178
1364,Nuevo Progreso de Taprag,-76.04963839,-9.78261071
1365,Rurin Quishuar,-77.79252328,-9.78256853
1366,Contadera,-76.72052553,-9.78253728
1367,Hierba Santa,-77.67472502,-9.78243453
1368,Mashuapata,-76.55679828,-9.78235153
1369,Cuncushpampa,-76.81979613,-9.78229553
1370,Hacienda Quiplla,-77.96729152,-9.78228853
1371,Cashapampa,-76.71410353,-9.7822554
1372,Pajaron,-77.59425977,-9.78208377
1373,Chogosmonte,-76.24641777,-9.78206578
1374,Huacharumi,-76.8968484,-9.7820234
1375,Oguro Puquio,-76.8885879,-9.78201165
1376,Muchipampa,-77.97856002,-9.78195727
1377,Carata,-77.46655602,-9.78185065
1378,Yeso,-77.6193479,-9.78171352
1379,Kara,-77.88101414,-9.63977241
1380,Pacracoto,-77.80972465,-9.63951578
1381,Quehuacoran,-77.79522365,-9.63947227
1382,Chocto,-77.51674703,-9.01487365
1383,Curcurian,-78.12489333,-9.014616667
1384,Cedro,-77.8635254,-9.01455852
1385,Wishash,-76.89753165,-9.77673102
1386,Tinco,-76.73295415,-9.7765814
1387,Patahuasi,-76.40964865,-9.77650291
1388,Pallca,-77.56697516,-9.7764334
1389,Ccochapatas,-77.21358115,-9.77614903
1390,Yanapaccha,-76.39303946,-9.77611075
1391,Rare,-76.66156463,-9.77597865
1392,Osgoro,-76.2458389,-9.77585703
1393,Ticllajircan,-76.8675079,-9.77582065
1394,Agua Dulce de Cochayan,-76.73464114,-9.7446739
1395,Andahuaylas,-75.58716704,-9.75939132
1396,Pucarrambrash,-76.76344564,-9.74455616
1397,Rumar,-77.9000474,-9.74445077
1398,Tambo,-76.89156526,-9.74441303
1399,Kotu,-77.62084927,-9.74429902
1400,Pacuash,-77.6492864,-9.74421027
1401,Huanucay,-76.76051252,-9.7441889
1402,Mosqueta,-77.88128303,-9.01448715
1403,San Juan de Macuya Alto,-74.99819927,-9.01431053
1404,Llamahuanca,-77.49271677,-9.01416028
1405,Viento Pulca,-77.5069369,-9.0140669
1406,Achimbray,-77.3728389,-9.01391515
1407,Mina Panizo,-77.55888641,-9.74670827
1408,Wayicayashka,-77.73655952,-9.74668402
1409,Viscuchin,-77.79543333,-9.747831667
1410,Santa Isabel,-75.87094677,-9.74633152
1411,Chaqueypampa,-77.38724516,-9.7461189
1412,Punran,-77.81845128,-9.74608628
1413,Cabra Paccha,-76.7414094,-9.74608303
1414,Malpaso,-76.8937664,-9.7459674
1415,El Carmen,-77.63348236,-9.74475116
1416,Urcush,-76.66806027,-9.74565016
1417,Jantun Punri,-76.88595714,-9.74557716
1418,Mina Machay,-77.72107002,-9.74552703
1419,San Juan,-77.66414066,-9.74549903
1420,Huashllac,-77.59512827,-9.74542091
1421,Inchan,-77.88057389,-9.74536527
1422,Pintayrumi,-76.81082065,-9.7453589
1423,Mina,-77.17701531,-9.06901379
1424,Higosruri,-77.37289833,-9.06413
1425,Puerto Silva,-73.04284752,-9.07077315
1426,San Jeronimo,-77.62038678,-9.73737877
1427,Palacio,-77.88284549,-9.73824164
1428,Mashra,-77.51929365,-9.73702315
1429,Ruiro Ogo,-76.75261665,-9.7370094
1430,Jirca Cancha,-77.6702079,-9.73693578
1431,Patacancha,-77.47586667,-9.735418333
1432,Quian,-77.94963375,-9.77526747
1433,Alisoyoc,-75.92391402,-9.78026566
1434,Tinco,-76.97487714,-9.78024365
1435,Pillo Cocha,-76.39085677,-9.77736678
1436,Queropata,-77.3631204,-9.77736365
1437,Rirpash,-76.94103203,-9.7772944
1438,Cabramayo,-76.20203876,-9.77728578
1439,Pucajirca,-77.59298814,-9.77726377
1440,San Juan Glorioso,-76.82507072,-9.77723912
1441,Gollotajirkan,-76.79693652,-9.77712102
1442,San Julio,-77.49096,-9.776498333
1443,Urchco Punta,-76.89996139,-9.77690452
1444,Mitojircan,-76.67175852,-9.78445766
1445,Pacos,-77.60553215,-9.78433915
1446,Tranga,-77.45481353,-9.7842584
1447,Papayayog,-76.05658252,-9.78405027
1448,Juyoc,-76.54395578,-9.7840459
1449,Sheclla,-77.58909667,-9.777208333
1450,Amapola,-76.89808333,-9.784486667
1451,Shancay,-76.67794789,-9.78375603
1452,Ichi Ragra,-76.94846627,-9.7648899
1453,Casacancha,-76.82815164,-9.76482203
1454,Miramindapampa,-76.13597477,-9.76470078
1455,Camantarma,-75.08014502,-9.78216475
1456,Mina Santo Domingo de Janchis,-77.50749339,-9.76449516
1457,Huancapata,-77.44803314,-9.76441402
1458,Contadera,-76.88817999,-9.751739978
1459,Monte,-76.66056527,-9.7642619
1460,Puerta del Diablo,-74.83097902,-9.76421641
1461,Rollorumi,-76.81712652,-9.76417927
1462,Horno Punta,-76.74223833,-9.75971
1463,Layatuna,-76.8973894,-9.7639004
1464,Santa Cruz,-76.671075,-9.764943333
1465,Pucutin,-76.81015977,-9.76381378
1466,Nueva Palestina,-76.82195833,-9.764183333
1467,Huacajekatzicunan,-77.72668752,-9.76361915
1468,Jupayhuaru,-76.80530014,-9.76353003
1469,Gochapiteg,-76.70539716,-9.76312814
1470,Rurimarac,-77.6325259,-9.76215728
1471,Minas Hercules,-77.55362378,-9.76214115
1472,Huancacocha,-76.69970227,-9.75272228
1473,Capillayog,-76.06281365,-9.7524984
1474,Minas,-77.90669189,-9.75241628
1475,Escorsonera,-77.72055215,-9.75235965
1476,Copi,-77.792795,-9.76954927
1477,Palma Pampas,-75.7469129,-9.75223078
1478,Rurca,-77.82094015,-9.75221715
1479,Shilan,-76.66919167,-9.771023333
1480,Pisho Pampa,-76.33813828,-9.7521499
1481,Vilcabamba,-76.66500365,-9.75214889
1482,Huishca,-76.72945515,-9.75208853
1483,Huaylapuquio,-76.74156667,-9.721035
1484,Juchuqui,-77.44222503,-9.7205954
1485,Hagoragra,-76.61955327,-9.72054389
1486,Jirca Chiuche / Inca Chinche,-76.75149102,-9.72046277
1487,Coshuptanan,-77.81294615,-9.7204534
1488,Cochacaca,-77.82675677,-9.72022928
1489,Cochacancha,-77.61639866,-9.71998628
1490,Mallacayan,-77.59891919,-9.71855927
1491,San Antonio de Shurapampa,-76.64999607,-9.71995308
1492,Poco Poco,-77.79936577,-9.71970902
1493,Gargash,-76.74627716,-9.74221277
1494,Lagchi,-76.8362552,-9.74212155
1495,Alto San Luis de Chinchihuani,-74.78980821,-9.721057297
1496,San Pedro,-76.79548264,-9.72096317
1497,Millurumi / Nillorumi,-76.78821989,-9.7209459
1498,Yanacocha,-76.74403015,-9.72082316
1499,Quillopampa,-77.05798327,-9.0786599
1500,Mitush,-77.35036365,-9.07862403
1501,Huargopatac,-77.04181628,-9.07355477
1502,Jutcuna,-77.31481703,-9.0735479
1503,Pomaran,-77.36620451,-9.07351391
1504,Acorma,-77.33927839,-9.07343303
1505,Huancapallac,-77.1056864,-9.07319277
1506,Piedra Grande,-78.1668769,-9.07295115
1507,Pamparomas,-77.98144291,-9.07273349
1508,Huagra Huilca,-77.29568015,-9.07259103
1509,Puyaucro,-77.08213427,-9.07240528
1510,Tiuyac,-77.02179564,-9.0722634
1511,Santa Rosa de Pata,-75.03021236,-9.07213884
1512,Pucaera,-77.36406503,-9.07207902
1513,Chapan,-78.00508203,-9.07207228
1514,Tayacancha,-77.21929827,-9.07189265
1515,Hacienda,-77.21330077,-9.07180464
1516,Micaela Bastidas,-76.8618613,-9.07170338
1517,Cabina,-77.78235666,-9.07168801
1518,Ericka,-75.61972596,-9.05394989
1519,Tikakancha,-76.78014139,-9.76606552
1520,Pampacancha,-76.86489999,-9.721469978
1521,Huanca Jircan,-76.72081171,-9.726408364
1522,Palma Pampa,-75.5699794,-9.71925177
1523,Isleria,-75.42641006,-9.71921088
1524,Huacoto 2,-77.58697333,-9.716286667
1525,Nanyac,-77.79650365,-9.7377679
1526,San Juan de Vinchos,-76.63545465,-9.73767591
1527,Marco,-78.00539107,-9.07866991
1528,Cashapucro,-77.461135,-9.750658333
1529,Ayash / Ataquinchay,-76.83483727,-9.7517954
1530,Pampapampa,-76.76694944,-9.75167549
1531,Carpicalla,-75.87627014,-9.75167128
1532,Tagta Patac,-76.87120952,-9.75165853
1533,Maraytaca,-76.85475927,-9.75155477
1534,Punri,-76.88336589,-9.75128377
1535,Tranca,-76.74887978,-9.75124365
1536,Ulluy,-76.63108167,-9.746025
1537,San Martin,-76.90158552,-9.75117377
1538,Hacienda Checya,-77.47251477,-9.75106727
1539,Juchupata,-76.71926216,-9.75090828
1540,Llamaragra,-76.72377403,-9.75083466
1541,Piscocancha,-77.5937304,-9.75082602
1542,Llactun,-77.64735659,-9.75070658
1543,Pagshag,-76.26547336,-9.7507366
1544,La Trinidad,-77.61025372,-9.75136507
1545,Pariaracra,-77.59548514,-9.75013939
1546,Hacienda Mashra,-77.09516303,-9.7500514
1547,Rupahuasi,-76.40593178,-9.74988352
1548,Viuda Jircan,-76.72949927,-9.74985265
1549,Yacoshpampa,-77.46547165,-9.74982015
1550,Cruz Pata,-76.80220976,-9.74968427
1551,Santa Rosa de Moyobamba / Moyobamba,-76.09183368,-9.74966024
1552,Nunyallanqui,-77.62460652,-9.74964465
1553,Union Huari,-76.62487,-9.740473333
1554,Pucacunga,-75.38107465,-9.77681815
1555,Hacienda Cashacancha,-77.47420515,-9.7441399
1556,Borunda / San Pablo de Borunda,-76.33991336,-9.74396521
1557,Maray Huajag,-76.40943822,-9.74371674
1558,Mariam,-76.3223772,-9.74358874
1559,Champapirca,-76.8151554,-9.74343002
1560,Mito Mito,-76.34122289,-9.74337891
1561,Mesita Pampa,-77.6624064,-9.74336803
1562,Racra,-77.46923502,-9.74322665
1563,San Juan,-70.69886502,-9.74322128
1564,Puente Vizcarra,-76.77640038,-9.74319877
1565,Tambillos,-76.82756781,-9.74315871
1566,Llamapashillon,-76.82554888,-9.7431259
1567,Pascana,-77.6136929,-9.77126777
1568,Rio Seco,-77.4367999,-9.7712439
1569,Las Palmas,-75.00729542,-9.77090026
1570,San Lorenzo de Isco,-76.88681826,-9.77087802
1571,Minas San Nicolas,-77.48854915,-9.77085577
1572,Gratelli,-74.13173664,-9.7706789
1573,?�aupamarca,-76.11113686,-9.67738243
1574,Llamacancha,-77.51263653,-9.77063302
1575,Huarapa,-76.20673364,-9.77054258
1576,Chogobamba,-76.28509755,-9.73274901
1577,Mahuacancha,-77.80375169,-9.73200033
1578,Llincay,-75.84691777,-9.7326984
1579,Puyhuan,-77.34206327,-9.7326864
1580,Puyihuhuan,-77.73826352,-9.6592194
1581,Checyo,-77.50519476,-9.65368821
1582,Mallqui,-76.0281772,-9.58833451
1583,Shahuanga,-77.04908577,-9.58826064
1584,Chalquian,-77.80143976,-9.58805577
1585,Huiru Huiru,-76.60267151,-9.58799139
1586,Tayapata,-76.85697053,-9.58796028
1587,Chirupampa,-77.51281553,-9.58791852
1588,Ushnuyoc,-76.69259701,-9.58770977
1589,Quetu,-77.76753152,-9.58770527
1590,Yuncan,-77.15806277,-9.5876494
1591,Matahuain,-76.68675715,-9.5876054
1592,Neguip,-77.07829616,-9.49873103
1593,Logush,-76.81130853,-9.4987244
1594,Nacatu Pampa,-76.6429404,-9.49869827
1595,Tayacoto,-77.45711314,-9.49859115
1596,Santa Rosa,-76.77158614,-9.49165215
1597,Janca,-77.94404898,-9.77345591
1598,Llanquiquichan,-77.61416423,-9.77239747
1599,Taullis,-77.4711549,-9.77016677
1600,Huancapatar,-76.8732454,-9.77012052
1601,Nueva Esperanza,-75.39694546,-9.77011173
1602,Pichiusa Pampa,-76.67191202,-9.77009327
1603,Cachu Tuna,-76.89422667,-9.777608333
1604,Pila Punco,-77.44854001,-9.76994965
1605,Pariacancha,-76.67111289,-9.76991088
1606,Parasha Jircan,-76.73167028,-9.76945252
1607,Ruirocorral,-76.73172264,-9.7693769
1608,Patacancha,-77.41914428,-9.76920903
1609,Rivera del Rio / Boca Huacapishtea,-72.65824227,-9.76893427
1610,Main,-77.62663051,-9.76880615
1611,Rucuposo,-76.68787703,-9.76879803
1612,Huanca Rama,-77.58298815,-9.76876328
1613,Purcucancha,-77.7357009,-9.76864503
1614,Rumirumi,-76.98011377,-9.7685489
1615,Huayhuash,-77.55755353,-9.76852053
1616,Ultush,-77.71623187,-9.77335395
1617,Paqui Maccha,-76.73028014,-9.76836977
1618,Huamanmarca,-76.79431777,-9.76827027
1619,Pachona,-77.6181334,-9.76822465
1620,Santa Rosa,-76.84994617,-9.76817839
1621,Llayapampa (Llaya),-77.81779,-9.763776667
1622,Quita,-76.87788,-9.774671667
1623,Playa Grande,-78.23536977,-9.76787715
1624,Shapio,-76.88068064,-9.7678524
1625,Hucho Pinta,-76.86575665,-9.76783852
1626,Campanioc,-76.16927715,-9.76780665
1627,Jatun Tararhua,-76.86963202,-9.76769989
1628,Sinculo Pampa,-76.76897953,-9.76763527
1629,Huari Pata,-76.41172801,-9.76762127
1630,Yarush Pampa,-76.67966028,-9.76743327
1631,Chinchuran,-77.59843252,-9.76723727
1632,Pachacannani,-76.78287227,-9.7670444
1633,Parashapatac,-76.8227759,-9.76695515
1634,Pampacancha,-77.35094388,-9.76686877
1635,Mezapata Chica,-76.88901167,-9.771016667
1636,Huillca Puquio,-76.81854178,-9.76638978
1637,Huaytapata,-76.89988178,-9.7663739
1638,Divisoria,-76.84161972,-9.7663043
1639,Rauro,-77.72159715,-9.76622728
1640,Pampa Florida,-76.55673833,-9.781148333
1641,Almizcle,-77.72163557,-9.75975189
1642,Huaguin,-76.0868771,-9.74311706
1643,Tincururi,-77.71663653,-9.74311502
1644,Cochupampa / Cocha Pampa,-77.6125839,-9.74304327
1645,Rambrash Ragra,-76.74018951,-9.74285077
1646,Nueva Esmeralda,-75.44258927,-9.7428274
1647,Huaylapata,-76.76529364,-9.74276241
1648,Parashapampa,-76.60083753,-9.74264653
1649,Tres unidos,-74.17278303,-9.74262253
1650,Gahuincho,-76.06347528,-9.7425864
1651,Piruro,-76.79062865,-9.74257865
1652,Urcush,-76.67765852,-9.74257715
1653,Raypa Alta,-77.86871857,-9.7423718
1654,Huishcapata,-77.45258577,-9.7425454
1655,Calash,-76.81093128,-9.74248315
1656,Maray / San Antonio de Maray,-76.39528212,-9.74243126
1657,Salgocha,-76.58377667,-9.744261667
1658,Puente Retama,-76.77923328,-9.7423734
1659,Shiulla,-76.76116727,-9.76597703
1660,Cashapata,-76.32918965,-9.76594552
1661,Tararhua,-76.87529714,-9.76589615
1662,Andahuaylas,-75.73830964,-9.76570915
1663,Asiac,-77.54671089,-9.7656074
1664,Huariap,-77.80482402,-9.76559615
1665,Shiripatal,-76.88067577,-9.76543715
1666,Cashacancha,-77.45399999,-9.765429978
1667,Lamadera,-76.54069703,-9.76535065
1668,Utao,-76.21397739,-9.76526297
1669,Salinas,-77.45294402,-9.76519577
1670,Casacancha,-76.72981898,-9.76512877
1671,Calash / Callash Matanca,-76.86760215,-9.76500902
1672,Ninacocha,-77.06247302,-9.74943565
1673,Almakaka,-77.72933614,-9.7494329
1674,Guelgash,-76.21783852,-9.74933663
1675,San Pedro de Shairicancha,-76.08188212,-9.74921808
1676,Chaliaco,-76.74961065,-9.74904253
1677,Torre Torre,-76.75940389,-9.74900789
1678,Shiripayac,-76.90134965,-9.74900328
1679,Buenavista,-76.8236684,-9.74899615
1680,Cochaparco,-77.88652903,-9.7489724
1681,Turca,-77.82423115,-9.7472999
1682,Puyhuancoto,-76.67610303,-9.7471164
1683,Iscasinan,-76.82065665,-9.74688227
1684,Pata Rambrash,-76.66077302,-9.74674903
1685,Ampicallan,-77.8832634,-9.0160584
1686,Tranca,-77.87193832,-9.01751319
1687,Sillarumy,-76.96557028,-9.01496552
1688,Tunanpuquio,-77.87564015,-9.0149294
1689,Racri,-77.20113639,-9.59707053
1690,Nuevo unidos Tahuantinsuyo,-74.8752,-9.5968
1691,Willcacocha,-77.53471732,-9.595687637
1692,Ilauro Corral,-76.66653165,-9.59646228
1693,Libron,-76.90251965,-9.5963999
1694,Cachi Pucro,-77.54863464,-9.59622741
1695,Gage / Gaque,-77.10848265,-9.59613315
1696,Chicururi,-77.47288127,-9.616598269
1697,Shuyururi,-77.54020978,-9.602386426
1698,Huascacocha,-76.49312467,-9.638155
1699,Mina Rure,-77.54020966,-9.5956429
1700,Patay Rondos / Sicsipata,-76.37861142,-9.5630244
1701,Cashash,-76.80384064,-9.59544982
1702,Huacaran,-76.78407702,-9.59513653
1703,Matamata,-76.57765678,-9.59504665
1704,Castillo de Chavin,-77.18258914,-9.59478903
1705,Tranca Ruri,-77.20661015,-9.5915539
1706,Hacienda Rahuar,-77.73327678,-9.59151728
1707,Calhuana,-76.88097003,-9.59145566
1708,Pampa Hermosa,-75.01143538,-9.59143071
1709,Tuma,-77.52176977,-9.59114352
1710,Shracancha,-77.76863015,-9.59098253
1711,Yanayaquillo,-74.96351492,-9.59096589
1712,Santa Rosa,-76.39866,-9.575694333
1713,Ancush,-77.51085002,-9.5906554
1714,Guenay,-76.72654878,-9.5906369
1715,Paltay Niyoj,-76.37766999,-9.591169977
1716,Saupa,-76.823115,-9.57347
1717,Huaca Vieja,-77.80249802,-9.59036478
1718,Shongo,-77.24196153,-9.59034128
1719,Nuevo Progreso,-75.87750974,-9.5900529
1720,Despensa,-77.13727196,-9.00627501
1721,Parcap,-77.88049288,-9.01551561
1722,Puchipuquio,-77.88595677,-9.01541702
1723,Pukakaka,-77.49860276,-9.01533327
1724,Huerco,-77.86836127,-9.01533028
1725,Huaca Grande,-78.13164077,-9.01528978
1726,Pushan,-76.74608077,-9.55052015
1727,Llaquir,-77.08487402,-9.55043828
1728,Jurnuyoc,-77.56975364,-9.49466502
1729,El Milagro,-77.99207153,-9.49461539
1730,Acorma,-77.14677614,-9.4946129
1731,Miraflores,-76.81859052,-9.49432258
1732,Caururo,-77.52473711,-9.490392317
1733,Huamanhuachas,-76.81051376,-9.49342815
1734,Pampa Chaca,-76.86576765,-9.49320452
1735,Parigaga,-76.80376664,-9.49300402
1736,Jamacuna Rumi,-76.77608999,-9.493529977
1737,Pacogaga,-76.91317653,-9.49285615
1738,Ullucuran,-77.65164985,-9.73751296
1739,Lincuna,-77.49613565,-9.73429402
1740,Choras,-76.76168999,-9.733409978
1741,Cajon Puquio,-76.87366167,-9.733251667
1742,Colcap,-77.87125898,-9.73648016
1743,San Miguel de Huayllacan,-76.26499875,-9.73411894
1744,Salvia Punta,-76.90155028,-9.73410153
1745,Condorpata,-76.25646416,-9.73383033
1746,Liriopata,-76.83538165,-9.7335569
1747,Chihuirume,-77.85970378,-9.7333809
1748,Chiuche,-76.74856002,-9.73231615
1749,Shuro,-77.61980878,-9.73226565
1750,Uchipampa,-77.45012102,-9.73220002
1751,Cutacancha,-77.4090734,-9.73201202
1752,Runatucoc,-76.33893552,-9.73187216
1753,Shahuanga,-77.25880477,-9.73181715
1754,Cotucancha,-77.46220501,-9.73171065
1755,Huanhuas,-77.84768289,-9.73165691
1756,Rio Colorado,-76.66128002,-9.73667615
1757,Rio Quilado,-76.666265,-9.741036667
1758,Libertad,-76.85884528,-9.59002751
1759,Acollan,-76.79736626,-9.58991828
1760,Pueblo Libre,-77.47481003,-9.58990878
1761,Natin Mircapa/Miscupata,-76.8718899,-9.58975177
1762,Acacancha,-77.57313451,-9.58527952
1763,Gesgapiteg / Gregopitec,-76.86575315,-9.58523002
1764,Potga,-76.89843226,-9.58510215
1765,Fundo Huallcan,-77.7448864,-9.58498677
1766,San Martin De Porres,-75.8648469,-9.64868222
1767,Huasmo,-77.7493509,-9.64013327
1768,San Isidro,-76.1349847,-13.39569476
1769,Terrazas de Villa,-76.95097683,-12.18800313
1770,Cascapampa,-77.53166431,-9.5049413
1771,Colltumoara,-77.62372877,-9.73685865
1772,Boca Dorada,-72.75150333,-9.681586667
1773,Jatun Huashcu,-77.72043667,-9.739708333
1774,Ayapampa,-77.6047809,-9.74585352
1775,a??asucro,-76.83071928,-9.74582403
1776,Jitca,-76.86866315,-9.74572015
1777,Shincull,-77.831955,-9.736113333
1778,Puchua,-77.19122878,-9.7456909
1779,Tupuc,-77.42932214,-9.7219514
1780,Huacoto,-77.58559315,-9.72190503
1781,Yerba Buena,-76.34557703,-9.72188452
1782,Loglashpampa,-76.730495,-9.719561667
1783,Manca Cota,-76.78375277,-9.7217749
1784,Cuchisrragra,-76.69278333,-9.72575
1785,Nuevo Progreso,-76.64653999,-9.72461998
1786,Agua Blanca,-76.59072333,-9.72684
1787,Huantal,-77.62339227,-9.73495814
1788,Huantas,-77.85237627,-9.73493453
1789,Chocopata,-76.86004932,-9.73479306
1790,Quiruncancha,-77.48480403,-9.73455603
1791,Pishan,-77.84017253,-9.73452228
1792,Huanac,-76.79165564,-9.73441003
1793,Yuracancha,-77.63485333,-9.739025
1794,Jirin,-76.9303589,-9.4948409
1795,Guepagaga,-76.77590428,-9.49472553
1796,Ututo,-76.28410552,-9.55136377
1797,La Frontera,-70.62665452,-9.55131703
1798,Carhuamarca,-77.5466849,-9.55131265
1799,Ichic Huacash,-76.72453302,-9.5512014
1800,Altosuyoj,-76.61877677,-9.55109128
1801,Llanca,-77.73979496,-9.55092091
1802,Chicu Ruri,-77.56469999,-9.562159978
1803,Cuntulin,-76.74954977,-9.55067877
1804,Alto Amaquirca,-74.46007928,-9.55063091
1805,Fundo Gomes,-73.62446603,-9.55055815
1806,Pampa Machay,-76.3216974,-9.73652152
1807,Yuracyurac,-76.80954253,-9.73639028
1808,Bandera Blanca,-76.09999651,-9.73624553
1809,Ushno Loma,-76.34519514,-9.73614078
1810,Yuraccocha,-76.91433653,-9.73607491
1811,Tranca,-76.79698003,-9.73605903
1812,Tayapata,-76.82867677,-9.73605227
1813,Esperanza,-76.7789334,-9.7360479
1814,Pucru,-77.65026803,-9.7360294
1815,Kantucuta,-77.63073252,-9.73594739
1816,Chiches,-76.74839227,-9.73588215
1817,Tucuhuaganan,-76.73590814,-9.73562715
1818,La Merced,-77.6165613,-9.73534146
1819,Huaripampa,-76.64713489,-9.73546977
1820,Buenos Aires,-75.49601448,-9.73545031
1821,Montiyoc,-76.9596789,-9.73525203
1822,Mina Boliche,-77.52299351,-9.73514165
1823,Capillamachay,-76.7995724,-9.73012265
1824,Tornacocha,-76.78476514,-9.73005428
1825,Pichizan,-77.62292977,-9.72973052
1826,Aconan,-77.44700452,-9.72963065
1827,Creda Ragra,-76.86270167,-9.719865
1828,Goshgoyoc,-76.71932035,-9.729383386
1829,Jamca,-77.82791826,-9.72940653
1830,Contadera,-76.87727333,-9.726571667
1831,Gantopata,-76.85057013,-9.7292154
1832,Cumbrec,-77.85148294,-9.73373522
1833,Sacsa,-76.34025453,-9.72896916
1834,Chaupimarca,-76.60519248,-9.72892557
1835,San Martin,-76.75005828,-9.72874728
1836,Ullmoc,-77.84837415,-9.72850965
1837,Mullaca Pampa,-77.55832178,-9.72841453
1838,Potaca,-76.8157644,-9.7283109
1839,Ticahuayin,-76.71286502,-9.7282469
1840,Santa Ana,-76.61453002,-9.72813015
1841,Huacna,-77.62925202,-9.729106
1842,Tranca,-75.91271153,-9.72781552
1843,Bombon Machay,-76.79101815,-9.72768977
1844,Jarac,-77.8373214,-9.72763878
1845,Chinchancucho,-76.81992702,-9.72733091
1846,Utko / Huncko,-77.57351278,-9.72729853
1847,Guelgay Machay,-76.63328667,-9.720956667
1848,Yuraccacca,-76.3137474,-9.72715027
1849,Yanajaga,-76.59723302,-9.72712315
1850,Markan / Markan Pampa,-77.62599291,-9.72710877
1851,Agorragra,-76.6182643,-9.72688658
1852,Toroucro,-76.84760627,-9.73513852
1853,Condor Puquio,-76.68545714,-9.73510003
1854,Villa Tanin,-76.74363651,-9.73509458
1855,Poirac,-77.44681976,-9.73508115
1856,Monte Huasi,-76.31513777,-9.73498752
1857,Tucushragra,-76.69061052,-9.7315749
1858,Shuntupara / Shuturara,-77.65928365,-9.73154878
1859,Chicu,-77.6798009,-9.73151528
1860,Chaupipunco,-76.8989419,-9.73134777
1861,Romero,-77.84294167,-9.731475
1862,Huaychau Huaganan,-76.75214451,-9.73122315
1863,Huallpac,-77.53110902,-9.65293527
1864,Yurac Rumi,-76.95995965,-9.65290466
1865,Ushno,-77.92331152,-9.65287166
1866,Marnac Chico,-77.89662165,-9.65262328
1867,Mitu Jirca,-77.46167539,-9.6523274
1868,Patash,-77.84795991,-9.65221452
1869,Tayapampa,-77.47640151,-9.64138237
1870,Lacacocha,-76.83887028,-9.64136965
1871,Huanipampa,-75.85602355,-9.63305486
1872,Bombon,-77.91626999,-9.641289978
1873,Naryash,-77.83595415,-9.64124815
1874,Apicuna,-77.18233689,-9.6412034
1875,Musanaco,-76.6911669,-9.6410484
1876,Santa Catalina,-77.50614885,-9.64054375
1877,Tuajirca,-77.86535915,-9.64050628
1878,Chacwapuquio,-77.72485377,-9.64044614
1879,Curahua??unan / Iluhuayin,-76.63516315,-9.6593219
1880,Siglo Cruz,-77.82492964,-9.6593174
1881,Buena Vista de Mara??on,-76.787725,-9.48502
1882,Santa Rosa Alta,-77.51129458,-9.49435548
1883,Miraflores,-77.54284903,-9.49409482
1884,Molino,-76.87909503,-9.49119453
1885,Araranca,-77.31835614,-9.64040478
1886,Campamento,-77.65316802,-9.64038615
1887,Ishanca,-76.89251648,-9.63938036
1888,El Alto,-78.26201465,-9.63852091
1889,Huirush,-76.95992827,-9.63847815
1890,Campalloc,-76.71754167,-9.638363333
1891,Chontas,-76.95073453,-9.63830827
1892,San Antonio,-76.88308402,-9.63826165
1893,Huaracayoc,-77.39621966,-9.63825278
1894,Huitca,-77.88361265,-9.63816727
1895,Huantarpunta,-77.19171077,-9.6381244
1896,Llunyapa,-77.76835802,-9.6377079
1897,Ichicragra,-76.78968667,-9.660735
1898,Acapa,-77.78351215,-9.63750153
1899,Lirio Pampa,-77.80169327,-9.63747527
1900,Quimsa Cocha,-76.43299167,-9.63406
1901,Huaycho,-76.7109609,-9.63738278
1902,Pariacancha,-77.21327515,-9.63733791
1903,Chuspe,-76.74257999,-9.638419978
1904,Pichgas,-76.73319659,-9.63728004
1905,Pariagaga,-76.805085,-9.678383333
1906,Ambosh,-77.37917177,-9.63695514
1907,Quirua / Quirhua,-77.75044753,-9.63679303
1908,Jircacancha,-76.84664058,-9.63672635
1909,Jircan,-77.14221803,-9.49583053
1910,Curhuas,-77.526356,-9.498573
1911,Muchcay,-76.90826902,-9.49530715
1912,Tayaucro,-76.8272359,-9.4951229
1913,Cayumba,-75.95244603,-9.4950995
1914,San Francisco Bajo,-78.24929231,-9.4950008
1915,Cochabamba,-77.85948633,-9.49484503
1916,Ichic Saucian,-76.69042903,-9.49274877
1917,Colquiragra,-77.13117678,-9.4927189
1918,Fundo Chille,-78.25953178,-9.49270578
1919,Salinas,-76.89149165,-9.49268378
1920,Nuevo Trujillo,-75.01932649,-9.49261212
1921,Tucupiquim,-77.82679927,-9.4925964
1922,Huamachacra,-76.86529544,-9.49250622
1923,Tranca Ragra,-76.66689628,-9.49243502
1924,Marcocancha,-77.75435392,-9.49232757
1925,Santa Rosa,-76.87676491,-9.49218914
1926,Pachac,-77.22462765,-9.6293214
1927,Mashuan / San Cristobal de Mashuan,-77.49806313,-9.62925972
1928,Huantumar,-77.51615051,-9.62915065
1929,Alto Mashoca,-75.5039088,-9.62907738
1930,Kiskin,-77.76130653,-9.62904952
1931,Ticte,-76.49785343,-9.62401533
1932,Huacpara,-77.88521,-9.627523333
1933,Cachca,-77.15682302,-9.62867465
1934,Campa,-77.87921333,-9.630675
1935,Pirish,-77.20994777,-9.62841616
1936,Rucojato,-76.78452333,-9.668176667
1937,Paurun,-76.70965,-9.62877
1938,La Ponderosa,-78.34088927,-9.62821364
1939,Yuyapichis,-74.97467506,-9.62780809
1940,Tipishca,-70.64536477,-9.62779902
1941,Huallipampa,-76.3942689,-9.62772128
1942,Parias,-77.76841203,-9.6276774
1943,Habaschacra,-77.75876401,-9.62767128
1944,San Cristobal de Yupanapampa,-77.4784839,-9.62762253
1945,Putaca,-77.14705765,-9.62733416
1946,Hacienda Rurec,-77.36902215,-9.62721778
1947,Coto,-77.8923,-9.628593333
1948,San Cristoball de Chamanayoc,-77.50498057,-9.62697572
1949,Perolucro,-76.88010477,-9.62665227
1950,Mina Mayaya,-77.5095064,-9.62650265
1951,Huacracuin,-77.86841151,-9.62641252
1952,Jetga,-76.50860367,-9.630634333
1953,Santa Teresita,-76.04205627,-9.62631415
1954,Pulga Machay,-76.89647476,-9.6262174
1955,Pipish,-76.08498278,-9.6262009
1956,Ushcash / Wishcash,-77.85893752,-9.62617978
1957,Paras Pampa,-76.70556672,-9.62511308
1958,Puca Cruz,-76.72792241,-9.62566627
1959,Pampa Jirca,-77.77199316,-9.62561465
1960,Ututo Pampa,-77.47369527,-9.62551178
1961,Huepash,-77.81380999,-9.625419977
1962,Rupash Huay,-76.51369,-9.638954667
1963,Huarihuain,-76.77649315,-9.62487816
1964,Cania,-77.86142052,-9.62473977
1965,Tsaqui Uran,-77.89516833,-9.626465
1966,Yanacocha,-76.94703802,-9.62458127
1967,Shunqui,-76.78331229,-9.73117942
1968,Yacu Pampa,-76.96442715,-9.73111315
1969,Toroucro,-76.91343999,-9.731339977
1970,Balazo,-77.47405789,-9.73104103
1971,Rio Negro,-74.93230114,-9.73070115
1972,Diez Canseco,-76.10106577,-9.73059815
1973,Ascap,-77.86103065,-9.73051352
1974,Shayhua,-76.64754503,-9.73048915
1975,Tranca (Gasgabamba),-76.62651,-9.730065
1976,Machocas,-77.81769052,-9.7304209
1977,Jircayacu,-76.74716865,-9.73031315
1978,San Ildefonso,-77.60678841,-9.73478103
1979,Mathusalen,-77.66051215,-9.73017303
1980,Ahuicuna,-76.64223602,-9.72676714
1981,Quillimpa,-77.81104265,-9.72658252
1982,Cruzpampa,-76.66626196,-9.72618127
1983,Gollumya,-76.82835678,-9.72616616
1984,Pogoccancha,-76.69174928,-9.72615241
1985,Pacsag,-76.8676414,-9.72610552
1986,Chuchupuquio,-76.68703,-9.735536667
1987,Rucujatu,-76.96746602,-9.7260304
1988,Pamiahuasi,-76.60955277,-9.72596703
1989,Mina San Martin,-78.20887902,-9.72575252
1990,Santa Rosa Baja,-75.74459398,-9.968376114
1991,Carhuancho,-76.95769103,-9.72559665
1992,Pampahuasi,-76.60377359,-9.72550737
1993,Rupay Pampa,-76.87784167,-9.71399
1994,Marey Pampa,-77.6073824,-9.72456652
1995,Tambopampa,-76.71669803,-9.66083503
1996,Paltac,-77.80702003,-9.66081478
1997,Huilca Pincullo,-76.84976202,-9.66066753
1998,Quinsa Punta,-76.30663999,-9.660669977
1999,Carhua Maja,-77.18919302,-9.6605784